switch,amount of hours,amount of time,auto front log date,current front?,current time,date,end date,front + co-con,headmate names,is current entry?,last fronted,notes,previous headmate,sys journal,tasks,time block,time fronted,timeframe,trigger
"@December 4, 2024 12:00 PM ",448.4,18 days,"December 4, 2024 12:00 PM → December 23, 2024 4:25 AM",No,,"December 4, 2024 12:00 PM (PST) → December 23, 2024 4:25 AM (PST)","December 23, 2024 4:25 AM (PST)","house (https://www.notion.so/2019ed6c1f7c80d18bb0c6a9d225e3c6?pvs=21), odysseus (https://www.notion.so/2019ed6c1f7c80dfad62d8fc76fe99d0?pvs=21), S (https://www.notion.so/2029ed6c1f7c80e89403cc1b1d5306bc?pvs=21)","house, odysseus, S",No,426 days ago,,blitz (https://www.notion.so/2029ed6c1f7c80fca94adab5945ece65?pvs=21),,,,"18 days, 16 hrs",12/3 '24 12:00 PM → 12/1'24 4:25 AM,
"@December 14, 2024 7:00 AM ",4.4,same-day,"December 14, 2024 7:00 AM → December 14, 2024 11:26 AM",No,,"December 14, 2024 7:00 AM (PST) → 11:26 AM","December 14, 2024 11:26 AM (PST)",lucifer (https://www.notion.so/2389ed6c1f7c80549ab2d651b1146c9d?pvs=21),lucifer,No,435 days ago,,house (https://www.notion.so/2019ed6c1f7c80d18bb0c6a9d225e3c6?pvs=21),,,,"4 hrs, 26 mins",12/6 '24 7:00 AM → 11:26 AM,
"@September 20, 2024 11:43 AM ",993.6,1 month & 11 days,"September 20, 2024 11:43 AM → October 31, 2024 9:17 PM",No,,"September 20, 2024 11:43 AM (PDT) → October 31, 2024 9:17 PM (PDT)","October 31, 2024 9:17 PM (PDT)",lucifer (https://www.notion.so/2389ed6c1f7c80549ab2d651b1146c9d?pvs=21),lucifer,No,478 days ago,,S (https://www.notion.so/2029ed6c1f7c80e89403cc1b1d5306bc?pvs=21),,,,"41 days, 9 hrs",9/5 '24 11:43 AM → 10/4'24 9:17 PM,
"@September 7, 2024 11:55 AM ",167.1,6 days,"September 7, 2024 11:55 AM → September 14, 2024 11:03 AM",No,,"September 7, 2024 11:55 AM (PDT) → September 14, 2024 11:03 AM (PDT)","September 14, 2024 11:03 AM (PDT)",lucifer (https://www.notion.so/2389ed6c1f7c80549ab2d651b1146c9d?pvs=21),lucifer,No,526 days ago,,vox (https://www.notion.so/20f9ed6c1f7c80089f7ae036f5153789?pvs=21),,,,"6 days, 23 hrs",9/6 '24 11:55 AM → 9/6'24 11:03 AM,
"@August 30, 2024 11:26 PM ",11.3,1 day,"August 30, 2024 11:26 PM → August 31, 2024 10:41 AM",No,,"August 30, 2024 11:26 PM (PDT) → August 31, 2024 10:41 AM (PDT)","August 31, 2024 10:41 AM (PDT)","bojack (https://www.notion.so/23b9ed6c1f7c808ba0ffc76ff74f356d?pvs=21), lucifer (https://www.notion.so/2389ed6c1f7c80549ab2d651b1146c9d?pvs=21)","bojack, lucifer",No,540 days ago,,Deer (https://www.notion.so/2419ed6c1f7c80669bc0c1b64c898ec3?pvs=21),,,,"11 hrs, 15 mins",8/5 '24 11:26 PM → 8/6'24 10:41 AM,
"@August 26, 2024 2:58 PM ",79.6,3 days,"August 26, 2024 2:58 PM → August 29, 2024 10:32 PM",No,,"August 26, 2024 2:58 PM (PDT) → August 29, 2024 10:32 PM (PDT)","August 29, 2024 10:32 PM (PDT)",lucifer (https://www.notion.so/2389ed6c1f7c80549ab2d651b1146c9d?pvs=21),lucifer,No,541 days ago,,S (https://www.notion.so/2029ed6c1f7c80e89403cc1b1d5306bc?pvs=21),,,,"3 days, 7 hrs",8/1 '24 2:58 PM → 8/4'24 10:32 PM,
"@August 21, 2024 1:15 PM ",54.6,2 days,"August 21, 2024 1:15 PM → August 23, 2024 7:53 PM",No,,"August 21, 2024 1:15 PM (PDT) → August 23, 2024 7:53 PM (PDT)","August 23, 2024 7:53 PM (PDT)",lucifer (https://www.notion.so/2389ed6c1f7c80549ab2d651b1146c9d?pvs=21),lucifer,No,547 days ago,,vox (https://www.notion.so/20f9ed6c1f7c80089f7ae036f5153789?pvs=21),,,,"2 days, 6 hrs",8/3 '24 1:15 PM → 8/5'24 7:53 PM,
"@August 20, 2024 11:33 AM ",9.6,same-day,"August 20, 2024 11:33 AM → August 20, 2024 9:11 PM",No,,"August 20, 2024 11:33 AM (PDT) → 9:11 PM","August 20, 2024 9:11 PM (PDT)",lucifer (https://www.notion.so/2389ed6c1f7c80549ab2d651b1146c9d?pvs=21),lucifer,No,550 days ago,,Alastor (https://www.notion.so/23a9ed6c1f7c80a2bac9e6160ae37253?pvs=21),,,,"9 hrs, 38 mins",8/2 '24 11:33 AM → 9:11 PM,
"@August 7, 2024 12:00 AM ",167.4,6 days,"August 7, 2024 12:00 AM → August 13, 2024 11:21 PM",No,,"August 7, 2024 12:00 AM (PDT) → August 13, 2024 11:21 PM (PDT)","August 13, 2024 11:21 PM (PDT)",lucifer (https://www.notion.so/2389ed6c1f7c80549ab2d651b1146c9d?pvs=21),lucifer,No,557 days ago,,S (https://www.notion.so/2029ed6c1f7c80e89403cc1b1d5306bc?pvs=21),,,,"6 days, 23 hrs",8/3 '24 12:00 AM → 8/2'24 11:21 PM,
"@July 21, 2024 8:41 PM ",41.4,1 day,"July 21, 2024 8:41 PM → July 23, 2024 2:03 PM",No,,"July 21, 2024 8:41 PM (PDT) → July 23, 2024 2:03 PM (PDT)","July 23, 2024 2:03 PM (PDT)",lucifer (https://www.notion.so/2389ed6c1f7c80549ab2d651b1146c9d?pvs=21),lucifer,No,579 days ago,,L (https://www.notion.so/2449ed6c1f7c803796d9cc8a55b8ee2b?pvs=21),,,,"1 day, 17 hrs",7/0 '24 8:41 PM → 7/2'24 2:03 PM,
"@July 21, 2024 6:19 PM ",1.7,same-day,"July 21, 2024 6:19 PM → July 21, 2024 8:03 PM",No,,"July 21, 2024 6:19 PM (PDT) → 8:03 PM","July 21, 2024 8:03 PM (PDT)",lucifer (https://www.notion.so/2389ed6c1f7c80549ab2d651b1146c9d?pvs=21),lucifer,No,580 days ago,,vox (https://www.notion.so/20f9ed6c1f7c80089f7ae036f5153789?pvs=21),,,,"1 hr, 44 mins",7/0 '24 6:19 PM → 8:03 PM,
"@July 20, 2024 7:11 PM ",2.2,same-day,"July 20, 2024 7:11 PM → July 20, 2024 9:25 PM",No,,"July 20, 2024 7:11 PM (PDT) → 9:25 PM","July 20, 2024 9:25 PM (PDT)","vox (https://www.notion.so/20f9ed6c1f7c80089f7ae036f5153789?pvs=21), c (https://www.notion.so/23f9ed6c1f7c807eb9bef5f50e14a750?pvs=21), jesse (https://www.notion.so/2449ed6c1f7c80a7a3b3d3a199916d37?pvs=21), lucifer (https://www.notion.so/2389ed6c1f7c80549ab2d651b1146c9d?pvs=21)","vox, c, jesse, lucifer",No,581 days ago,,vox (https://www.notion.so/20f9ed6c1f7c80089f7ae036f5153789?pvs=21),,,,"2 hrs, 14 mins",7/6 '24 7:11 PM → 9:25 PM,
"@July 17, 2024 2:59 PM ",28.3,1 day,"July 17, 2024 2:59 PM → July 18, 2024 7:15 PM",No,,"July 17, 2024 2:59 PM (PDT) → July 18, 2024 7:15 PM (PDT)","July 18, 2024 7:15 PM (PDT)",lucifer (https://www.notion.so/2389ed6c1f7c80549ab2d651b1146c9d?pvs=21),lucifer,No,583 days ago,,blitz (https://www.notion.so/2029ed6c1f7c80fca94adab5945ece65?pvs=21),,,,"1 day, 4 hrs",7/3 '24 2:59 PM → 7/4'24 7:15 PM,
"@July 14, 2024 1:59 PM ",33.6,1 day,"July 14, 2024 1:59 PM → July 15, 2024 11:33 PM",No,,"July 14, 2024 1:59 PM (PDT) → July 15, 2024 11:33 PM (PDT)","July 15, 2024 11:33 PM (PDT)","c (https://www.notion.so/23f9ed6c1f7c807eb9bef5f50e14a750?pvs=21), lucifer (https://www.notion.so/2389ed6c1f7c80549ab2d651b1146c9d?pvs=21), Deer (https://www.notion.so/2419ed6c1f7c80669bc0c1b64c898ec3?pvs=21)","c, lucifer, Deer",No,586 days ago,,stolas (https://www.notion.so/2459ed6c1f7c8019acf3c9dfb33c4c65?pvs=21),,,,"1 day, 9 hrs",7/0 '24 1:59 PM → 7/1'24 11:33 PM,
"@July 13, 2024 12:51 PM ",7.3,same-day,"July 13, 2024 12:51 PM → July 13, 2024 8:09 PM",No,,"July 13, 2024 12:51 PM (PDT) → 8:09 PM","July 13, 2024 8:09 PM (PDT)",lucifer (https://www.notion.so/2389ed6c1f7c80549ab2d651b1146c9d?pvs=21),lucifer,No,588 days ago,,aphrodesia (https://www.notion.so/23a9ed6c1f7c804fb0dfca89541a436e?pvs=21),,,,"7 hrs, 18 mins",7/6 '24 12:51 PM → 8:09 PM,
"@July 12, 2024 3:00 PM ",6.7,same-day,"July 12, 2024 3:00 PM → July 12, 2024 9:44 PM",No,,"July 12, 2024 3:00 PM (PDT) → 9:44 PM","July 12, 2024 9:44 PM (PDT)","bojack (https://www.notion.so/23b9ed6c1f7c808ba0ffc76ff74f356d?pvs=21), lucifer (https://www.notion.so/2389ed6c1f7c80549ab2d651b1146c9d?pvs=21), blitz (https://www.notion.so/2029ed6c1f7c80fca94adab5945ece65?pvs=21), c (https://www.notion.so/23f9ed6c1f7c807eb9bef5f50e14a750?pvs=21), adam (https://www.notion.so/2389ed6c1f7c805c9257facac13c3739?pvs=21)","bojack, lucifer, blitz, c, adam",No,589 days ago,,adam (https://www.notion.so/2389ed6c1f7c805c9257facac13c3739?pvs=21),,,,"6 hrs, 44 mins",7/5 '24 3:00 PM → 9:44 PM,
"@July 9, 2024 4:20 PM ",70.5,2 days,"July 9, 2024 4:20 PM → July 12, 2024 2:49 PM",No,,"July 9, 2024 4:20 PM (PDT) → July 12, 2024 2:49 PM (PDT)","July 12, 2024 2:49 PM (PDT)","bojack (https://www.notion.so/23b9ed6c1f7c808ba0ffc76ff74f356d?pvs=21), lucifer (https://www.notion.so/2389ed6c1f7c80549ab2d651b1146c9d?pvs=21)","bojack, lucifer",No,590 days ago,,adam (https://www.notion.so/2389ed6c1f7c805c9257facac13c3739?pvs=21),,,,"2 days, 22 hrs",7/2 '24 4:20 PM → 7/5'24 2:49 PM,
"@July 5, 2024 6:22 PM ",8791.9,12 months & 1 day,"July 5, 2024 6:22 PM → July 7, 2025 2:15 AM",No,,"July 5, 2024 6:22 PM (PDT) → July 7, 2024 2:15 AM (PDT)","July 7, 2025 2:15 AM (PDT)",lucifer (https://www.notion.so/2389ed6c1f7c80549ab2d651b1146c9d?pvs=21),lucifer,No,230 days ago,,vox (https://www.notion.so/20f9ed6c1f7c80089f7ae036f5153789?pvs=21),,,,"366 days, 7 hrs",7/5 '24 6:22 PM → 7/1'25 2:15 AM,
"@June 22, 2024 8:44 PM ",1.6,same-day,"June 22, 2024 8:44 PM → June 22, 2024 10:21 PM",No,,"June 22, 2024 8:44 PM (PDT) → 10:21 PM","June 22, 2024 10:21 PM (PDT)","lucifer (https://www.notion.so/2389ed6c1f7c80549ab2d651b1146c9d?pvs=21), saul (https://www.notion.so/2459ed6c1f7c8053be94dbfaff2de372?pvs=21), bojack (https://www.notion.so/23b9ed6c1f7c808ba0ffc76ff74f356d?pvs=21)","lucifer, saul, bojack",No,609 days ago,,vox (https://www.notion.so/20f9ed6c1f7c80089f7ae036f5153789?pvs=21),,,,"1 hr, 37 mins",6/6 '24 8:44 PM → 10:21 PM,
"@June 21, 2024 12:15 PM ",10.3,same-day,"June 21, 2024 12:15 PM → June 21, 2024 10:34 PM",No,,"June 21, 2024 12:15 PM (PDT) → 10:34 PM","June 21, 2024 10:34 PM (PDT)","lucifer (https://www.notion.so/2389ed6c1f7c80549ab2d651b1146c9d?pvs=21), husk (https://www.notion.so/2419ed6c1f7c8087b119c4f7d4b22f1d?pvs=21)","lucifer, husk",No,610 days ago,,vox (https://www.notion.so/20f9ed6c1f7c80089f7ae036f5153789?pvs=21),,,,"10 hrs, 19 mins",6/5 '24 12:15 PM → 10:34 PM,
"@June 14, 2024 9:41 PM ",25.2,1 day,"June 14, 2024 9:41 PM → June 15, 2024 10:55 PM",No,,"June 14, 2024 9:41 PM (PDT) → June 15, 2024 10:55 PM (PDT)","June 15, 2024 10:55 PM (PDT)","Alastor (https://www.notion.so/23a9ed6c1f7c80a2bac9e6160ae37253?pvs=21), lucifer (https://www.notion.so/2389ed6c1f7c80549ab2d651b1146c9d?pvs=21), vin (https://www.notion.so/2469ed6c1f7c80148ee2f1c9218317ec?pvs=21)","Alastor, lucifer, vin",No,616 days ago,,husk (https://www.notion.so/2419ed6c1f7c8087b119c4f7d4b22f1d?pvs=21),,,,"1 day, 1 hr",6/5 '24 9:41 PM → 6/6'24 10:55 PM,
"@June 8, 2024 2:20 PM ",9,same-day,"June 8, 2024 2:20 PM → June 8, 2024 11:21 PM",No,,"June 8, 2024 2:20 PM (PDT) → 11:21 PM","June 8, 2024 11:21 PM (PDT)","c (https://www.notion.so/23f9ed6c1f7c807eb9bef5f50e14a750?pvs=21), cody (https://www.notion.so/2419ed6c1f7c80bea13df4f391e8bef8?pvs=21), husk (https://www.notion.so/2419ed6c1f7c8087b119c4f7d4b22f1d?pvs=21), lucifer (https://www.notion.so/2389ed6c1f7c80549ab2d651b1146c9d?pvs=21), stolas (https://www.notion.so/2459ed6c1f7c8019acf3c9dfb33c4c65?pvs=21)","c, cody, husk, lucifer, stolas",No,623 days ago,,bojack (https://www.notion.so/23b9ed6c1f7c808ba0ffc76ff74f356d?pvs=21),,,,"9 hrs, 1 min",6/6 '24 2:20 PM → 11:21 PM,
"@June 4, 2024 11:07 AM ",10.1,same-day,"June 4, 2024 11:07 AM → June 4, 2024 9:15 PM",No,,"June 4, 2024 11:07 AM (PDT) → 9:15 PM","June 4, 2024 9:15 PM (PDT)",lucifer (https://www.notion.so/2389ed6c1f7c80549ab2d651b1146c9d?pvs=21),lucifer,No,627 days ago,,stolas (https://www.notion.so/2459ed6c1f7c8019acf3c9dfb33c4c65?pvs=21),,,,"10 hrs, 8 mins",6/2 '24 11:07 AM → 9:15 PM,
"@June 3, 2024 1:10 AM ",10.5,same-day,"June 3, 2024 1:10 AM → June 3, 2024 11:39 AM",No,,"June 3, 2024 1:10 AM (PDT) → 11:39 AM","June 3, 2024 11:39 AM (PDT)",lucifer (https://www.notion.so/2389ed6c1f7c80549ab2d651b1146c9d?pvs=21),lucifer,No,629 days ago,,Alastor (https://www.notion.so/23a9ed6c1f7c80a2bac9e6160ae37253?pvs=21),,,,"10 hrs, 29 mins",6/1 '24 1:10 AM → 11:39 AM,
"@June 2, 2024 3:13 PM ",2,same-day,"June 2, 2024 3:13 PM → June 2, 2024 5:11 PM",No,,"June 2, 2024 3:13 PM (PDT) → 5:11 PM","June 2, 2024 5:11 PM (PDT)","lucifer (https://www.notion.so/2389ed6c1f7c80549ab2d651b1146c9d?pvs=21), stolas (https://www.notion.so/2459ed6c1f7c8019acf3c9dfb33c4c65?pvs=21), vox (https://www.notion.so/20f9ed6c1f7c80089f7ae036f5153789?pvs=21), S (https://www.notion.so/2029ed6c1f7c80e89403cc1b1d5306bc?pvs=21)","lucifer, stolas, vox, S",No,629 days ago,,husk (https://www.notion.so/2419ed6c1f7c8087b119c4f7d4b22f1d?pvs=21),,,,"1 hr, 58 mins",6/0 '24 3:13 PM → 5:11 PM,
"@June 1, 2024 1:02 PM ",1.1,same-day,"June 1, 2024 1:02 PM → June 1, 2024 2:09 PM",No,,"June 1, 2024 1:02 PM (PDT) → 2:09 PM","June 1, 2024 2:09 PM (PDT)",lucifer (https://www.notion.so/2389ed6c1f7c80549ab2d651b1146c9d?pvs=21),lucifer,No,631 days ago,,husk (https://www.notion.so/2419ed6c1f7c8087b119c4f7d4b22f1d?pvs=21),,,,"1 hr, 7 mins",6/6 '24 1:02 PM → 2:09 PM,
"@May 29, 2024 10:47 PM ",12.1,1 day,"May 29, 2024 10:47 PM → May 30, 2024 10:54 AM",No,,"May 29, 2024 10:47 PM (PDT) → May 30, 2024 10:59 AM (PDT)","May 30, 2024 10:54 AM (PDT)","lucifer (https://www.notion.so/2389ed6c1f7c80549ab2d651b1146c9d?pvs=21), S (https://www.notion.so/2029ed6c1f7c80e89403cc1b1d5306bc?pvs=21), Alastor (https://www.notion.so/23a9ed6c1f7c80a2bac9e6160ae37253?pvs=21)","lucifer, S, Alastor",No,633 days ago,,rick (https://www.notion.so/2449ed6c1f7c800da22ce392e9f827ad?pvs=21),,,,"12 hrs, 7 mins",5/3 '24 10:47 PM → 5/4'24 10:54 AM,
"@May 28, 2024 11:26 AM ",4.7,same-day,"May 28, 2024 11:26 AM → May 28, 2024 4:10 PM",No,,"May 28, 2024 11:26 AM (PDT) → 4:10 PM","May 28, 2024 4:10 PM (PDT)",lucifer (https://www.notion.so/2389ed6c1f7c80549ab2d651b1146c9d?pvs=21),lucifer,No,635 days ago,,husk (https://www.notion.so/2419ed6c1f7c8087b119c4f7d4b22f1d?pvs=21),,,,"4 hrs, 44 mins",5/2 '24 11:26 AM → 4:10 PM,
"@August 24, 2024 11:46 AM ",27,1 day,"August 24, 2024 11:46 AM → August 25, 2024 2:48 PM",No,,"August 24, 2024 11:46 AM (PDT) → August 25, 2024 2:48 PM (PDT)","August 25, 2024 2:48 PM (PDT)",adam (https://www.notion.so/2389ed6c1f7c805c9257facac13c3739?pvs=21),adam,No,546 days ago,,vox (https://www.notion.so/20f9ed6c1f7c80089f7ae036f5153789?pvs=21),,,,"1 day, 3 hrs",8/6 '24 11:46 AM → 8/0'24 2:48 PM,
"@July 29, 2024 6:44 PM ",1.8,same-day,"July 29, 2024 6:44 PM → July 29, 2024 8:29 PM",No,,"July 29, 2024 6:44 PM (PDT) → 8:29 PM","July 29, 2024 8:29 PM (PDT)",adam (https://www.notion.so/2389ed6c1f7c805c9257facac13c3739?pvs=21),adam,No,572 days ago,,husk (https://www.notion.so/2419ed6c1f7c8087b119c4f7d4b22f1d?pvs=21),,,,"1 hr, 45 mins",7/1 '24 6:44 PM → 8:29 PM,
"@July 22, 2024 10:03 PM ",16,1 day,"July 22, 2024 10:03 PM → July 23, 2024 2:03 PM",No,,"July 22, 2024 10:03 PM (PDT) → July 23, 2024 2:03 PM (PDT)","July 23, 2024 2:03 PM (PDT)","parker (https://www.notion.so/2449ed6c1f7c80f8b076d514060a3dd5?pvs=21), lucifer (https://www.notion.so/2389ed6c1f7c80549ab2d651b1146c9d?pvs=21), adam (https://www.notion.so/2389ed6c1f7c805c9257facac13c3739?pvs=21), husk (https://www.notion.so/2419ed6c1f7c8087b119c4f7d4b22f1d?pvs=21), stolas (https://www.notion.so/2459ed6c1f7c8019acf3c9dfb33c4c65?pvs=21)","parker, lucifer, adam, husk, stolas",No,579 days ago,,lucifer (https://www.notion.so/2389ed6c1f7c80549ab2d651b1146c9d?pvs=21),,,,16 hrs,7/1 '24 10:03 PM → 7/2'24 2:03 PM,
"@July 9, 2024 2:57 PM ",8761.4,12 months,"July 9, 2024 2:57 PM → July 9, 2025 4:20 PM",No,,"July 9, 2024 2:57 PM (PDT) → 4:20 PM","July 9, 2025 4:20 PM (PDT)",adam (https://www.notion.so/2389ed6c1f7c805c9257facac13c3739?pvs=21),adam,No,228 days ago,,blitz (https://www.notion.so/2029ed6c1f7c80fca94adab5945ece65?pvs=21),,,,"365 days, 1 hr",7/2 '24 2:57 PM → 7/3'25 4:20 PM,
"@June 20, 2024 1:24 PM ",1.8,same-day,"June 20, 2024 1:24 PM → June 20, 2024 3:13 PM",No,,"June 20, 2024 1:24 PM (PDT) → 3:13 PM","June 20, 2024 3:13 PM (PDT)","adam (https://www.notion.so/2389ed6c1f7c805c9257facac13c3739?pvs=21), vin (https://www.notion.so/2469ed6c1f7c80148ee2f1c9218317ec?pvs=21)","adam, vin",No,612 days ago,,husk (https://www.notion.so/2419ed6c1f7c8087b119c4f7d4b22f1d?pvs=21),,,,"1 hr, 49 mins",6/4 '24 1:24 PM → 3:13 PM,
"@May 30, 2024 1:36 PM ",0.1,same-day,"May 30, 2024 1:36 PM → May 30, 2024 1:39 PM",No,,"May 30, 2024 1:36 PM (PDT) → 1:39 PM","May 30, 2024 1:39 PM (PDT)",adam (https://www.notion.so/2389ed6c1f7c805c9257facac13c3739?pvs=21),adam,No,633 days ago,,aphrodesia (https://www.notion.so/23a9ed6c1f7c804fb0dfca89541a436e?pvs=21),,,,3 mins,5/4 '24 1:36 PM → 1:39 PM,
"@January 27, 2025 1:22 PM ",4.3,same-day,"January 27, 2025 1:22 PM → January 27, 2025 5:38 PM",No,,"January 27, 2025 1:22 PM (PST) → 5:38 PM","January 27, 2025 5:38 PM (PST)","house (https://www.notion.so/2019ed6c1f7c80d18bb0c6a9d225e3c6?pvs=21), blitz (https://www.notion.so/2029ed6c1f7c80fca94adab5945ece65?pvs=21), arthur (https://www.notion.so/23b9ed6c1f7c80b38a26f405b65bf9de?pvs=21), odysseus (https://www.notion.so/2019ed6c1f7c80dfad62d8fc76fe99d0?pvs=21), S (https://www.notion.so/2029ed6c1f7c80e89403cc1b1d5306bc?pvs=21)","house, blitz, arthur, odysseus, S",No,390 days ago,,vox (https://www.notion.so/20f9ed6c1f7c80089f7ae036f5153789?pvs=21),,,,"4 hrs, 16 mins",1/1 '25 1:22 PM → 5:38 PM,
"@December 23, 2024 4:25 AM ",111.2,4 days,"December 23, 2024 4:25 AM → December 27, 2024 7:37 PM",No,,"December 23, 2024 4:25 AM (PST) → December 27, 2024 7:37 PM (PST)","December 27, 2024 7:37 PM (PST)","house (https://www.notion.so/2019ed6c1f7c80d18bb0c6a9d225e3c6?pvs=21), arthur (https://www.notion.so/23b9ed6c1f7c80b38a26f405b65bf9de?pvs=21), blitz (https://www.notion.so/2029ed6c1f7c80fca94adab5945ece65?pvs=21), S (https://www.notion.so/2029ed6c1f7c80e89403cc1b1d5306bc?pvs=21)","house, arthur, blitz, S",No,421 days ago,,S (https://www.notion.so/2029ed6c1f7c80e89403cc1b1d5306bc?pvs=21),,,,"4 days, 15 hrs",12/1 '24 4:25 AM → 12/5'24 7:37 PM,
"@December 4, 2024 12:50 AM ",10.6,same-day,"December 4, 2024 12:50 AM → December 4, 2024 11:28 AM",No,,"December 4, 2024 12:50 AM (PST) → 11:28 AM","December 4, 2024 11:28 AM (PST)",blitz (https://www.notion.so/2029ed6c1f7c80fca94adab5945ece65?pvs=21),blitz,No,445 days ago,,house (https://www.notion.so/2019ed6c1f7c80d18bb0c6a9d225e3c6?pvs=21),,,,"10 hrs, 38 mins",12/3 '24 12:50 AM → 11:28 AM,
"@September 16, 2024 12:43 PM ",95.5,3 days,"September 16, 2024 12:43 PM → September 20, 2024 12:10 PM",No,,"September 16, 2024 12:43 PM (PDT) → September 20, 2024 12:10 PM (PDT)","September 20, 2024 12:10 PM (PDT)",blitz (https://www.notion.so/2029ed6c1f7c80fca94adab5945ece65?pvs=21),blitz,No,520 days ago,,husk (https://www.notion.so/2419ed6c1f7c8087b119c4f7d4b22f1d?pvs=21),,,,"3 days, 23 hrs",9/1 '24 12:43 PM → 9/5'24 12:10 PM,
"@August 31, 2024 10:41 AM ",240.4,10 days,"August 31, 2024 10:41 AM → September 10, 2024 11:02 AM",No,,"August 31, 2024 10:41 AM (PDT) → September 10, 2024 11:02 AM (PDT)","September 10, 2024 11:02 AM (PDT)",blitz (https://www.notion.so/2029ed6c1f7c80fca94adab5945ece65?pvs=21),blitz,No,530 days ago,,bojack (https://www.notion.so/23b9ed6c1f7c808ba0ffc76ff74f356d?pvs=21),,,,10 days,8/6 '24 10:41 AM → 9/2'24 11:02 AM,
"@August 24, 2024 11:46 AM ",104.2,4 days,"August 24, 2024 11:46 AM → August 28, 2024 7:56 PM",No,,"August 24, 2024 11:46 AM (PDT) → August 28, 2024 7:56 PM (PDT)","August 28, 2024 7:56 PM (PDT)",blitz (https://www.notion.so/2029ed6c1f7c80fca94adab5945ece65?pvs=21),blitz,No,542 days ago,,bojack (https://www.notion.so/23b9ed6c1f7c808ba0ffc76ff74f356d?pvs=21),,,,"4 days, 8 hrs",8/6 '24 11:46 AM → 8/3'24 7:56 PM,
"@August 18, 2024 11:03 AM ",48.5,2 days,"August 18, 2024 11:03 AM → August 20, 2024 11:33 AM",No,,"August 18, 2024 11:03 AM (PDT) → August 20, 2024 11:33 AM (PDT)","August 20, 2024 11:33 AM (PDT)",blitz (https://www.notion.so/2029ed6c1f7c80fca94adab5945ece65?pvs=21),blitz,No,551 days ago,,vox (https://www.notion.so/20f9ed6c1f7c80089f7ae036f5153789?pvs=21),,,,2 days,8/0 '24 11:03 AM → 8/2'24 11:33 AM,
"@August 18, 2024 9:11 AM ",3.6,same-day,"August 17, 2024 9:11 AM → August 17, 2024 12:46 PM",No,,"August 17, 2024 9:11 AM (PDT) → 12:46 PM","August 17, 2024 12:46 PM (PDT)",blitz (https://www.notion.so/2029ed6c1f7c80fca94adab5945ece65?pvs=21),blitz,No,554 days ago,,vin (https://www.notion.so/2469ed6c1f7c80148ee2f1c9218317ec?pvs=21),,,,"3 hrs, 35 mins",8/6 '24 9:11 AM → 12:46 PM,
"@August 5, 2024 12:18 AM ",38.3,1 day,"August 5, 2024 12:18 AM → August 6, 2024 2:34 PM",No,,"August 5, 2024 12:18 AM (PDT) → August 6, 2024 2:34 PM (PDT)","August 6, 2024 2:34 PM (PDT)",blitz (https://www.notion.so/2029ed6c1f7c80fca94adab5945ece65?pvs=21),blitz,No,565 days ago,,arthur (https://www.notion.so/23b9ed6c1f7c80b38a26f405b65bf9de?pvs=21),,,,"1 day, 14 hrs",8/1 '24 12:18 AM → 8/2'24 2:34 PM,
"@August 2, 2024 5:24 PM ",39.9,1 day,"August 2, 2024 5:24 PM → August 4, 2024 9:17 AM",No,,"August 2, 2024 5:24 PM (PDT) → August 4, 2024 9:17 AM (PDT)","August 4, 2024 9:17 AM (PDT)",blitz (https://www.notion.so/2029ed6c1f7c80fca94adab5945ece65?pvs=21),blitz,No,567 days ago,,vox (https://www.notion.so/20f9ed6c1f7c80089f7ae036f5153789?pvs=21),,,,"1 day, 15 hrs",8/5 '24 5:24 PM → 8/0'24 9:17 AM,
"@August 1, 2024 4:01 PM ",7.3,same-day,"August 1, 2024 4:01 PM → August 1, 2024 11:16 PM",No,,"August 1, 2024 4:01 PM (PDT) → 11:16 PM","August 1, 2024 11:16 PM (PDT)",blitz (https://www.notion.so/2029ed6c1f7c80fca94adab5945ece65?pvs=21),blitz,No,569 days ago,,blitz (https://www.notion.so/2029ed6c1f7c80fca94adab5945ece65?pvs=21),,,,"7 hrs, 15 mins",8/4 '24 4:01 PM → 11:16 PM,
"@July 31, 2024 11:42 AM ",5.2,same-day,"July 31, 2024 11:42 AM → July 31, 2024 4:56 PM",No,,"July 31, 2024 11:42 AM (PDT) → 4:56 PM","July 31, 2024 4:56 PM (PDT)","blitz (https://www.notion.so/2029ed6c1f7c80fca94adab5945ece65?pvs=21), stolas (https://www.notion.so/2459ed6c1f7c8019acf3c9dfb33c4c65?pvs=21)","blitz, stolas",No,570 days ago,,vox (https://www.notion.so/20f9ed6c1f7c80089f7ae036f5153789?pvs=21),,,,"5 hrs, 14 mins",7/3 '24 11:42 AM → 4:56 PM,
"@July 30, 2024 12:09 AM ",35.6,1 day,"July 30, 2024 12:09 AM → July 31, 2024 11:42 AM",No,,"July 30, 2024 12:09 AM (PDT) → July 31, 2024 11:42 AM (PDT)","July 31, 2024 11:42 AM (PDT)",blitz (https://www.notion.so/2029ed6c1f7c80fca94adab5945ece65?pvs=21),blitz,No,571 days ago,,penelope (https://www.notion.so/24b9ed6c1f7c80739f49f4b4d692f64a?pvs=21),,,,"1 day, 11 hrs",7/2 '24 12:09 AM → 7/3'24 11:42 AM,
"@July 21, 2024 12:29 AM ",17.8,same-day,"July 21, 2024 12:29 AM → July 21, 2024 6:19 PM",No,,"July 21, 2024 12:29 AM (PDT) → 6:19 PM","July 21, 2024 6:19 PM (PDT)",blitz (https://www.notion.so/2029ed6c1f7c80fca94adab5945ece65?pvs=21),blitz,No,580 days ago,,jacob (https://www.notion.so/2429ed6c1f7c80f1b194d6fca8adfb47?pvs=21),,,,"17 hrs, 50 mins",7/0 '24 12:29 AM → 6:19 PM,
"@July 20, 2024 9:25 PM ",3.1,1 day,"July 20, 2024 9:25 PM → July 21, 2024 12:28 AM",No,,"July 20, 2024 9:25 PM (PDT) → July 21, 2024 12:28 AM (PDT)","July 21, 2024 12:28 AM (PDT)","jacob (https://www.notion.so/2429ed6c1f7c80f1b194d6fca8adfb47?pvs=21), blitz (https://www.notion.so/2029ed6c1f7c80fca94adab5945ece65?pvs=21)","jacob, blitz",No,581 days ago,,vox (https://www.notion.so/20f9ed6c1f7c80089f7ae036f5153789?pvs=21),,,,"3 hrs, 3 mins",7/6 '24 9:25 PM → 7/0'24 12:28 AM,
"@July 17, 2024 2:59 PM ",4.2,same-day,"July 17, 2024 2:59 PM → July 17, 2024 7:12 PM",No,,"July 17, 2024 2:59 PM (PDT) → 7:12 PM","July 17, 2024 7:12 PM (PDT)",blitz (https://www.notion.so/2029ed6c1f7c80fca94adab5945ece65?pvs=21),blitz,No,584 days ago,,vox (https://www.notion.so/20f9ed6c1f7c80089f7ae036f5153789?pvs=21),,,,"4 hrs, 13 mins",7/3 '24 2:59 PM → 7:12 PM,
"@July 15, 2024 11:33 PM ",0.3,same-day,"July 15, 2024 11:33 PM → July 15, 2024 11:50 PM",No,,"July 15, 2024 11:33 PM (PDT) → 11:50 PM","July 15, 2024 11:50 PM (PDT)","arthur (https://www.notion.so/23b9ed6c1f7c80b38a26f405b65bf9de?pvs=21), blitz (https://www.notion.so/2029ed6c1f7c80fca94adab5945ece65?pvs=21)","arthur, blitz",No,586 days ago,,c (https://www.notion.so/23f9ed6c1f7c807eb9bef5f50e14a750?pvs=21),,,,17 mins,7/1 '24 11:33 PM → 11:50 PM,
"@July 12, 2024 9:44 PM ",22.4,1 day,"July 12, 2024 9:44 PM → July 13, 2024 8:09 PM",No,,"July 12, 2024 9:44 PM (PDT) → July 13, 2024 8:09 PM (PDT)","July 13, 2024 8:09 PM (PDT)",blitz (https://www.notion.so/2029ed6c1f7c80fca94adab5945ece65?pvs=21),blitz,No,588 days ago,,bojack (https://www.notion.so/23b9ed6c1f7c808ba0ffc76ff74f356d?pvs=21),,,,"22 hrs, 25 mins",7/5 '24 9:44 PM → 7/6'24 8:09 PM,
"@July 7, 2024 10:23 PM ",8800.6,12 months & 1 day,"July 7, 2024 10:23 PM → July 9, 2025 2:57 PM",No,,"July 7, 2024 10:23 PM (PDT) → July 9, 2024 2:57 PM (PDT)","July 9, 2025 2:57 PM (PDT)",blitz (https://www.notion.so/2029ed6c1f7c80fca94adab5945ece65?pvs=21),blitz,No,228 days ago,,blitz (https://www.notion.so/2029ed6c1f7c80fca94adab5945ece65?pvs=21),,,,"366 days, 16 hrs",7/0 '24 10:23 PM → 7/3'25 2:57 PM,
"@July 7, 2024 2:15 PM ",8771.7,12 months,"July 7, 2024 2:15 AM → July 7, 2025 1:56 PM",No,,"July 7, 2024 2:15 AM (PDT) → 1:56 PM","July 7, 2025 1:56 PM (PDT)",blitz (https://www.notion.so/2029ed6c1f7c80fca94adab5945ece65?pvs=21),blitz,No,230 days ago,,lucifer (https://www.notion.so/2389ed6c1f7c80549ab2d651b1146c9d?pvs=21),,,,"365 days, 11 hrs",7/0 '24 2:15 AM → 7/1'25 1:56 PM,
"@June 29, 2024 9:39 PM ",8812.8,12 months & 2 days,"June 29, 2024 9:39 PM → July 2, 2025 2:26 AM",No,,"June 29, 2024 9:39 PM (PDT) → July 2, 2024 2:26 AM (PDT)","July 2, 2025 2:26 AM (PDT)","blitz (https://www.notion.so/2029ed6c1f7c80fca94adab5945ece65?pvs=21), husk (https://www.notion.so/2419ed6c1f7c8087b119c4f7d4b22f1d?pvs=21), S (https://www.notion.so/2029ed6c1f7c80e89403cc1b1d5306bc?pvs=21), vox (https://www.notion.so/20f9ed6c1f7c80089f7ae036f5153789?pvs=21), stolas (https://www.notion.so/2459ed6c1f7c8019acf3c9dfb33c4c65?pvs=21)","blitz, husk, S, vox, stolas",No,235 days ago,,S (https://www.notion.so/2029ed6c1f7c80e89403cc1b1d5306bc?pvs=21),,,,"367 days, 4 hrs",6/6 '24 9:39 PM → 7/3'25 2:26 AM,
"@June 25, 2024 11:19 AM ",3.6,same-day,"June 25, 2024 11:19 AM → June 25, 2024 2:55 PM",No,,"June 25, 2024 11:19 AM (PDT) → 2:55 PM","June 25, 2024 2:55 PM (PDT)","vox (https://www.notion.so/20f9ed6c1f7c80089f7ae036f5153789?pvs=21), stolas (https://www.notion.so/2459ed6c1f7c8019acf3c9dfb33c4c65?pvs=21)","vox, stolas",No,607 days ago,,blitz (https://www.notion.so/2029ed6c1f7c80fca94adab5945ece65?pvs=21),,,,"3 hrs, 36 mins",6/2 '24 11:19 AM → 2:55 PM,
"@June 24, 2024 6:31 PM ",16.8,1 day,"June 24, 2024 6:31 PM → June 25, 2024 11:19 AM",No,,"June 24, 2024 6:31 PM (PDT) → June 25, 2024 11:19 AM (PDT)","June 25, 2024 11:19 AM (PDT)",blitz (https://www.notion.so/2029ed6c1f7c80fca94adab5945ece65?pvs=21),blitz,No,607 days ago,,husk (https://www.notion.so/2419ed6c1f7c8087b119c4f7d4b22f1d?pvs=21),,,,"16 hrs, 48 mins",6/1 '24 6:31 PM → 6/2'24 11:19 AM,
"@June 22, 2024 10:21 PM ",31.4,1 day,"June 22, 2024 10:21 PM → June 24, 2024 5:42 AM",No,,"June 22, 2024 10:21 PM (PDT) → June 24, 2024 5:42 AM (PDT)","June 24, 2024 5:42 AM (PDT)","husk (https://www.notion.so/2419ed6c1f7c8087b119c4f7d4b22f1d?pvs=21), blitz (https://www.notion.so/2029ed6c1f7c80fca94adab5945ece65?pvs=21)","husk, blitz",No,608 days ago,,lucifer (https://www.notion.so/2389ed6c1f7c80549ab2d651b1146c9d?pvs=21),,,,"1 day, 7 hrs",6/6 '24 10:21 PM → 6/1'24 5:42 AM,
"@June 5, 2024 8:52 PM ",12.8,1 day,"June 5, 2024 8:52 PM → June 6, 2024 9:42 AM",No,,"June 5, 2024 8:52 PM (PDT) → June 6, 2024 9:42 AM (PDT)","June 6, 2024 9:42 AM (PDT)","Alastor (https://www.notion.so/23a9ed6c1f7c80a2bac9e6160ae37253?pvs=21), blitz (https://www.notion.so/2029ed6c1f7c80fca94adab5945ece65?pvs=21)","Alastor, blitz",No,626 days ago,,Alastor (https://www.notion.so/23a9ed6c1f7c80a2bac9e6160ae37253?pvs=21),,,,"12 hrs, 50 mins",6/3 '24 8:52 PM → 6/4'24 9:42 AM,
"@June 4, 2024 9:15 PM ",23.6,1 day,"June 4, 2024 9:15 PM → June 5, 2024 8:52 PM",No,,"June 4, 2024 9:15 PM (PDT) → June 5, 2024 8:52 PM (PDT)","June 5, 2024 8:52 PM (PDT)",blitz (https://www.notion.so/2029ed6c1f7c80fca94adab5945ece65?pvs=21),blitz,No,626 days ago,,lucifer (https://www.notion.so/2389ed6c1f7c80549ab2d651b1146c9d?pvs=21),,,,"23 hrs, 37 mins",6/2 '24 9:15 PM → 6/3'24 8:52 PM,
"@June 3, 2024 11:39 AM ",23.5,1 day,"June 3, 2024 11:39 AM → June 4, 2024 11:07 AM",No,,"June 3, 2024 11:39 AM (PDT) → June 4, 2024 11:07 AM (PDT)","June 4, 2024 11:07 AM (PDT)",blitz (https://www.notion.so/2029ed6c1f7c80fca94adab5945ece65?pvs=21),blitz,No,628 days ago,,lucifer (https://www.notion.so/2389ed6c1f7c80549ab2d651b1146c9d?pvs=21),,,,"23 hrs, 28 mins",6/1 '24 11:39 AM → 6/2'24 11:07 AM,
"@June 1, 2024 4:08 PM ",1.6,same-day,"June 1, 2024 4:08 PM → June 1, 2024 5:44 PM",No,,"June 1, 2024 4:08 PM (PDT) → 5:44 PM","June 1, 2024 5:44 PM (PDT)","blitz (https://www.notion.so/2029ed6c1f7c80fca94adab5945ece65?pvs=21), rick (https://www.notion.so/2449ed6c1f7c800da22ce392e9f827ad?pvs=21)","blitz, rick",No,630 days ago,,S (https://www.notion.so/2029ed6c1f7c80e89403cc1b1d5306bc?pvs=21),,,,"1 hr, 36 mins",6/6 '24 4:08 PM → 5:44 PM,
"@June 1, 2026 2:10 PM ",1.3,same-day,"June 1, 2024 2:10 PM → June 1, 2024 3:30 PM",No,,"June 1, 2024 2:10 PM (PDT) → 3:30 PM","June 1, 2024 3:30 PM (PDT)","blitz (https://www.notion.so/2029ed6c1f7c80fca94adab5945ece65?pvs=21), jesse (https://www.notion.so/2449ed6c1f7c80a7a3b3d3a199916d37?pvs=21)","blitz, jesse",No,631 days ago,,bojack (https://www.notion.so/23b9ed6c1f7c808ba0ffc76ff74f356d?pvs=21),,,,"1 hr, 20 mins",6/6 '24 2:10 PM → 3:30 PM,
"@May 27, 2024 8:49 PM ",2.2,same-day,"May 27, 2024 8:49 PM → May 27, 2024 11:00 PM",No,,"May 27, 2024 8:49 PM (PDT) → 11:00 PM","May 27, 2024 11:00 PM (PDT)","blitz (https://www.notion.so/2029ed6c1f7c80fca94adab5945ece65?pvs=21), parker (https://www.notion.so/2449ed6c1f7c80f8b076d514060a3dd5?pvs=21)","blitz, parker",No,635 days ago,,,,,,"2 hrs, 11 mins",5/1 '24 8:49 PM → 11:00 PM,
"@October 24, 2024 7:13 PM ",966.6,1 month & 9 days,"October 24, 2024 7:13 PM → December 4, 2024 12:50 AM",No,,"October 24, 2024 7:13 PM (PDT) → December 4, 2024 12:50 AM (PST)","December 4, 2024 12:50 AM (PST)",house (https://www.notion.so/2019ed6c1f7c80d18bb0c6a9d225e3c6?pvs=21),house,No,445 days ago,,bojack (https://www.notion.so/23b9ed6c1f7c808ba0ffc76ff74f356d?pvs=21),,,,"40 days, 6 hrs",10/4 '24 7:13 PM → 12/3'24 12:50 AM,
"@December 23, 2024 4:25 AM ",643.7,26 days,"December 23, 2024 4:25 AM → January 19, 2025 12:09 AM",No,,"December 23, 2024 4:25 AM (PST) → January 19, 2025 12:09 PM (PST)","January 19, 2025 12:09 AM (PST)","house (https://www.notion.so/2019ed6c1f7c80d18bb0c6a9d225e3c6?pvs=21), odysseus (https://www.notion.so/2019ed6c1f7c80dfad62d8fc76fe99d0?pvs=21), S (https://www.notion.so/2029ed6c1f7c80e89403cc1b1d5306bc?pvs=21)","house, odysseus, S",No,399 days ago,,house (https://www.notion.so/2019ed6c1f7c80d18bb0c6a9d225e3c6?pvs=21),,,,"26 days, 19 hrs",12/1 '24 4:25 AM → 1/0'25 12:09 AM,
"@January 19, 2025 12:09 PM ",193.2,8 days,"January 19, 2025 12:09 PM → January 27, 2025 1:22 PM",No,,"January 19, 2025 12:09 PM (PST) → January 27, 2025 1:22 PM (PST)","January 27, 2025 1:22 PM (PST)","house (https://www.notion.so/2019ed6c1f7c80d18bb0c6a9d225e3c6?pvs=21), odysseus (https://www.notion.so/2019ed6c1f7c80dfad62d8fc76fe99d0?pvs=21), S (https://www.notion.so/2029ed6c1f7c80e89403cc1b1d5306bc?pvs=21)","house, odysseus, S",No,391 days ago,,arthur (https://www.notion.so/23b9ed6c1f7c80b38a26f405b65bf9de?pvs=21),,,,"8 days, 1 hr",1/0 '25 12:09 PM → 1/1'25 1:22 PM,
"@April 9, 2025 1:32 PM ",7667.5,10 months & 13 days,"April 9, 2025 1:32 PM — today",Yes,"February 19, 2026 4:45 PM (PST)","April 9, 2025 1:32 PM (PDT) → September 7, 2025 11:26 PM (PDT)","February 22, 2026 11:59 PM (PST)","house (https://www.notion.so/2019ed6c1f7c80d18bb0c6a9d225e3c6?pvs=21), odysseus (https://www.notion.so/2019ed6c1f7c80dfad62d8fc76fe99d0?pvs=21), S (https://www.notion.so/2029ed6c1f7c80e89403cc1b1d5306bc?pvs=21)","house, odysseus, S",Yes,04/09/25 — today,,arthur (https://www.notion.so/23b9ed6c1f7c80b38a26f405b65bf9de?pvs=21),,,,"319 days, 11 hrs",4/3 '25 1:32 PM → now,
"@January 1, 2025 4:01 AM ",441.5,18 days,"January 1, 2025 4:01 AM → January 19, 2025 1:29 PM",No,,"January 1, 2025 4:01 AM (PST) → January 19, 2025 1:29 PM (PST)","January 19, 2025 1:29 PM (PST)",odysseus (https://www.notion.so/2019ed6c1f7c80dfad62d8fc76fe99d0?pvs=21),odysseus,No,399 days ago,,house (https://www.notion.so/2019ed6c1f7c80d18bb0c6a9d225e3c6?pvs=21),,,,"18 days, 9 hrs",1/3 '25 4:01 AM → 1/0'25 1:29 PM,
"@December 16, 2024 11:31 PM ",148.9,6 days,"December 16, 2024 11:31 PM → December 23, 2024 4:25 AM",No,,"December 16, 2024 11:31 PM (PST) → December 23, 2024 4:25 AM (PST)","December 23, 2024 4:25 AM (PST)",S (https://www.notion.so/2029ed6c1f7c80e89403cc1b1d5306bc?pvs=21),S,No,426 days ago,,Alastor (https://www.notion.so/23a9ed6c1f7c80a2bac9e6160ae37253?pvs=21),,,,"6 days, 4 hrs",12/1 '24 11:31 PM → 12/1'24 4:25 AM,
"@September 19, 2024 8:46 PM ",1825,2 months & 15 days,"September 19, 2024 8:46 PM → December 4, 2024 8:46 PM",No,,"September 19, 2024 8:46 PM (PDT) → December 4, 2024 8:46 PM (PST)","December 4, 2024 8:46 PM (PST)",S (https://www.notion.so/2029ed6c1f7c80e89403cc1b1d5306bc?pvs=21),S,No,444 days ago,,Alastor (https://www.notion.so/23a9ed6c1f7c80a2bac9e6160ae37253?pvs=21),,,,"76 days, 1 hr",9/4 '24 8:46 PM → 12/3'24 8:46 PM,
"@September 16, 2024 12:43 PM ",77.7,3 days,"September 16, 2024 12:43 PM → September 19, 2024 6:24 PM",No,,"September 16, 2024 12:43 PM (PDT) → September 19, 2024 6:24 PM (PDT)","September 19, 2024 6:24 PM (PDT)",S (https://www.notion.so/2029ed6c1f7c80e89403cc1b1d5306bc?pvs=21),S,No,520 days ago,,blitz (https://www.notion.so/2029ed6c1f7c80fca94adab5945ece65?pvs=21),,,,"3 days, 5 hrs",9/1 '24 12:43 PM → 9/4'24 6:24 PM,
"@September 3, 2024 11:53 PM ",155.2,6 days,"September 3, 2024 11:53 PM → September 10, 2024 11:02 AM",No,,"September 3, 2024 11:53 PM (PDT) → September 10, 2024 11:02 AM (PDT)","September 10, 2024 11:02 AM (PDT)",S (https://www.notion.so/2029ed6c1f7c80e89403cc1b1d5306bc?pvs=21),S,No,530 days ago,,blitz (https://www.notion.so/2029ed6c1f7c80fca94adab5945ece65?pvs=21),,,,"6 days, 11 hrs",9/2 '24 11:53 PM → 9/2'24 11:02 AM,
"@August 26, 2024 2:58 PM ",53,2 days,"August 26, 2024 2:58 PM → August 28, 2024 7:56 PM",No,,"August 26, 2024 2:58 PM (PDT) → August 28, 2024 7:56 PM (PDT)","August 28, 2024 7:56 PM (PDT)",S (https://www.notion.so/2029ed6c1f7c80e89403cc1b1d5306bc?pvs=21),S,No,542 days ago,,adam (https://www.notion.so/2389ed6c1f7c805c9257facac13c3739?pvs=21),,,,"2 days, 4 hrs",8/1 '24 2:58 PM → 8/3'24 7:56 PM,
"@August 20, 2024 9:11 PM ",16.1,1 day,"August 20, 2024 9:11 PM → August 21, 2024 1:16 PM",No,,"August 20, 2024 9:11 PM (PDT) → August 21, 2024 1:16 PM (PDT)","August 21, 2024 1:16 PM (PDT)",S (https://www.notion.so/2029ed6c1f7c80e89403cc1b1d5306bc?pvs=21),S,No,550 days ago,,lucifer (https://www.notion.so/2389ed6c1f7c80549ab2d651b1146c9d?pvs=21),,,,"16 hrs, 5 mins",8/2 '24 9:11 PM → 8/3'24 1:16 PM,
"@August 17, 2024 5:36 PM ",66,2 days,"August 17, 2024 5:36 PM → August 20, 2024 11:33 AM",No,,"August 17, 2024 5:36 PM (PDT) → August 20, 2024 11:33 AM (PDT)","August 20, 2024 11:33 AM (PDT)",S (https://www.notion.so/2029ed6c1f7c80e89403cc1b1d5306bc?pvs=21),S,No,551 days ago,,S (https://www.notion.so/2029ed6c1f7c80e89403cc1b1d5306bc?pvs=21),,,,"2 days, 17 hrs",8/6 '24 5:36 PM → 8/2'24 11:33 AM,
"@August 17, 2024 9:11 AM ",8.4,same-day,"August 17, 2024 9:11 AM → August 17, 2024 5:36 PM",No,,"August 17, 2024 9:11 AM (PDT) → 5:36 PM","August 17, 2024 5:36 PM (PDT)",S (https://www.notion.so/2029ed6c1f7c80e89403cc1b1d5306bc?pvs=21),S,No,553 days ago,,blitz (https://www.notion.so/2029ed6c1f7c80fca94adab5945ece65?pvs=21),,,,"8 hrs, 25 mins",8/6 '24 9:11 AM → 5:36 PM,
"@August 8, 2024 2:06 PM ",115.6,4 days,"August 8, 2024 2:06 PM → August 13, 2024 9:41 AM",No,,"August 8, 2024 2:06 PM (PDT) → August 13, 2024 9:41 AM (PDT)","August 13, 2024 9:41 AM (PDT)",S (https://www.notion.so/2029ed6c1f7c80e89403cc1b1d5306bc?pvs=21),S,No,558 days ago,,lucifer (https://www.notion.so/2389ed6c1f7c80549ab2d651b1146c9d?pvs=21),,,,"4 days, 19 hrs",8/4 '24 2:06 PM → 8/2'24 9:41 AM,
"@August 6, 2024 2:34 PM ",9.4,same-day,"August 6, 2024 2:34 PM → August 6, 2024 11:59 PM",No,,"August 6, 2024 2:34 PM (PDT) → 11:59 PM","August 6, 2024 11:59 PM (PDT)",S (https://www.notion.so/2029ed6c1f7c80e89403cc1b1d5306bc?pvs=21),S,No,564 days ago,,blitz (https://www.notion.so/2029ed6c1f7c80fca94adab5945ece65?pvs=21),,,,"9 hrs, 25 mins",8/2 '24 2:34 PM → 11:59 PM,
"@August 2, 2024 5:24 PM ",5.3,same-day,"August 2, 2024 5:24 PM → August 2, 2024 10:41 PM",No,,"August 2, 2024 5:24 PM (PDT) → 10:41 PM","August 2, 2024 10:41 PM (PDT)",S (https://www.notion.so/2029ed6c1f7c80e89403cc1b1d5306bc?pvs=21),S,No,568 days ago,,blitz (https://www.notion.so/2029ed6c1f7c80fca94adab5945ece65?pvs=21),,,,"5 hrs, 17 mins",8/5 '24 5:24 PM → 10:41 PM,
"@June 29, 2024 5:36 PM ",8816.8,12 months & 2 days,"June 29, 2024 5:36 PM → July 2, 2025 2:26 AM",No,,"June 29, 2024 5:36 PM (PDT) → July 2, 2024 2:26 AM (PDT)","July 2, 2025 2:26 AM (PDT)",S (https://www.notion.so/2029ed6c1f7c80e89403cc1b1d5306bc?pvs=21),S,No,235 days ago,,aphrodesia (https://www.notion.so/23a9ed6c1f7c804fb0dfca89541a436e?pvs=21),,,,"367 days, 8 hrs",6/6 '24 5:36 PM → 7/3'25 2:26 AM,
"@June 28, 2024 7:05 AM ",5.1,same-day,"June 28, 2024 7:05 AM → June 28, 2024 12:11 PM",No,,"June 28, 2024 7:05 AM (PDT) → 12:11 PM","June 28, 2024 12:11 PM (PDT)",S (https://www.notion.so/2029ed6c1f7c80e89403cc1b1d5306bc?pvs=21),S,No,604 days ago,,stolas (https://www.notion.so/2459ed6c1f7c8019acf3c9dfb33c4c65?pvs=21),,,,"5 hrs, 6 mins",6/5 '24 7:05 AM → 12:11 PM,
"@June 19, 2024 6:32 PM ",1,same-day,"June 19, 2024 6:32 PM → June 19, 2024 7:34 PM",No,,"June 19, 2024 6:32 PM (PDT) → 7:34 PM","June 19, 2024 7:34 PM (PDT)",S (https://www.notion.so/2029ed6c1f7c80e89403cc1b1d5306bc?pvs=21),S,No,612 days ago,,vox (https://www.notion.so/20f9ed6c1f7c80089f7ae036f5153789?pvs=21),,,,"1 hr, 2 mins",6/3 '24 6:32 PM → 7:34 PM,
"@June 18, 2024 3:03 PM ",2.8,same-day,"June 18, 2024 3:03 PM → June 18, 2024 5:50 PM",No,,"June 18, 2024 3:03 PM (PDT) → 5:50 PM","June 18, 2024 5:50 PM (PDT)","stolas (https://www.notion.so/2459ed6c1f7c8019acf3c9dfb33c4c65?pvs=21), S (https://www.notion.so/2029ed6c1f7c80e89403cc1b1d5306bc?pvs=21), husk (https://www.notion.so/2419ed6c1f7c8087b119c4f7d4b22f1d?pvs=21)","stolas, S, husk",No,613 days ago,,arthur (https://www.notion.so/23b9ed6c1f7c80b38a26f405b65bf9de?pvs=21),,,,"2 hrs, 47 mins",6/2 '24 3:03 PM → 5:50 PM,
"@June 16, 2024 4:06 PM ",0.7,same-day,"June 16, 2024 4:06 PM → June 16, 2024 4:45 PM",No,,"June 16, 2024 4:06 PM (PDT) → 4:45 PM","June 16, 2024 4:45 PM (PDT)","arthur (https://www.notion.so/23b9ed6c1f7c80b38a26f405b65bf9de?pvs=21), S (https://www.notion.so/2029ed6c1f7c80e89403cc1b1d5306bc?pvs=21), husk (https://www.notion.so/2419ed6c1f7c8087b119c4f7d4b22f1d?pvs=21)","arthur, S, husk",No,615 days ago,,vox (https://www.notion.so/20f9ed6c1f7c80089f7ae036f5153789?pvs=21),,,,39 mins,6/0 '24 4:06 PM → 4:45 PM,
"@June 8, 2024 11:22 PM ",167.6,6 days,"June 8, 2024 11:22 PM → June 15, 2024 10:55 PM",No,,"June 8, 2024 11:22 PM (PDT) → June 15, 2024 10:55 PM (PDT)","June 15, 2024 10:55 PM (PDT)",S (https://www.notion.so/2029ed6c1f7c80e89403cc1b1d5306bc?pvs=21),S,No,616 days ago,,c (https://www.notion.so/23f9ed6c1f7c807eb9bef5f50e14a750?pvs=21),,,,"6 days, 23 hrs",6/6 '24 11:22 PM → 6/6'24 10:55 PM,
"@June 7, 2024 11:52 PM ",11.5,1 day,"June 7, 2024 11:52 PM → June 8, 2024 11:24 AM",No,,"June 7, 2024 11:52 PM (PDT) → June 8, 2024 11:24 AM (PDT)","June 8, 2024 11:24 AM (PDT)","bojack (https://www.notion.so/23b9ed6c1f7c808ba0ffc76ff74f356d?pvs=21), S (https://www.notion.so/2029ed6c1f7c80e89403cc1b1d5306bc?pvs=21)","bojack, S",No,624 days ago,,L (https://www.notion.so/2449ed6c1f7c803796d9cc8a55b8ee2b?pvs=21),,,,"11 hrs, 32 mins",6/5 '24 11:52 PM → 6/6'24 11:24 AM,
"@June 2, 2024 10:54 PM ",1.5,1 day,"June 2, 2024 10:54 PM → June 3, 2024 12:21 AM",No,,"June 2, 2024 10:54 PM (PDT) → June 3, 2024 12:21 AM (PDT)","June 3, 2024 12:21 AM (PDT)","Alastor (https://www.notion.so/23a9ed6c1f7c80a2bac9e6160ae37253?pvs=21), S (https://www.notion.so/2029ed6c1f7c80e89403cc1b1d5306bc?pvs=21)","Alastor, S",No,629 days ago,,Alastor (https://www.notion.so/23a9ed6c1f7c80a2bac9e6160ae37253?pvs=21),,,,"1 hr, 27 mins",6/0 '24 10:54 PM → 6/1'24 12:21 AM,
"@June 1, 2024 3:30 PM ",8.5,same-day,"June 1, 2024 3:30 PM → June 1, 2024 11:58 PM",No,,"June 1, 2024 3:30 PM (PDT) → 11:58 PM","June 1, 2024 11:58 PM (PDT)",S (https://www.notion.so/2029ed6c1f7c80e89403cc1b1d5306bc?pvs=21),S,No,630 days ago,,blitz (https://www.notion.so/2029ed6c1f7c80fca94adab5945ece65?pvs=21),,,,"8 hrs, 28 mins",6/6 '24 3:30 PM → 11:58 PM,
"@May 30, 2024 2:34 PM ",0.8,same-day,"May 30, 2024 2:34 PM → May 30, 2024 3:22 PM",No,,"May 30, 2024 2:34 PM (PDT) → 3:22 PM","May 30, 2024 3:22 PM (PDT)","parker (https://www.notion.so/2449ed6c1f7c80f8b076d514060a3dd5?pvs=21), S (https://www.notion.so/2029ed6c1f7c80e89403cc1b1d5306bc?pvs=21)","parker, S",No,633 days ago,,Alastor (https://www.notion.so/23a9ed6c1f7c80a2bac9e6160ae37253?pvs=21),,,,48 mins,5/4 '24 2:34 PM → 3:22 PM,
"@May 29, 2024 10:48 PM ",14.7,1 day,"May 29, 2024 10:48 PM → May 30, 2024 1:32 PM",No,,"May 29, 2024 10:48 PM (PDT) → May 30, 2024 1:32 PM (PDT)","May 30, 2024 1:32 PM (PDT)",S (https://www.notion.so/2029ed6c1f7c80e89403cc1b1d5306bc?pvs=21),S,No,633 days ago,,husk (https://www.notion.so/2419ed6c1f7c8087b119c4f7d4b22f1d?pvs=21),,,,"14 hrs, 44 mins",5/3 '24 10:48 PM → 5/4'24 1:32 PM,
"@May 29, 2024 12:17 AM ",19.6,same-day,"May 29, 2024 12:17 AM → May 29, 2024 7:54 PM",No,,"May 29, 2024 12:17 AM (PDT) → 7:54 PM","May 29, 2024 7:54 PM (PDT)","husk (https://www.notion.so/2419ed6c1f7c8087b119c4f7d4b22f1d?pvs=21), lucifer (https://www.notion.so/2389ed6c1f7c80549ab2d651b1146c9d?pvs=21), S (https://www.notion.so/2029ed6c1f7c80e89403cc1b1d5306bc?pvs=21)","husk, lucifer, S",No,633 days ago,,parker (https://www.notion.so/2449ed6c1f7c80f8b076d514060a3dd5?pvs=21),,,,"19 hrs, 37 mins",5/3 '24 12:17 AM → 7:54 PM,
"@May 28, 2024 11:42 PM ",0.6,1 day,"May 28, 2024 11:42 PM → May 29, 2024 12:17 AM",No,,"May 28, 2024 11:42 PM (PDT) → May 29, 2024 12:17 AM (PDT)","May 29, 2024 12:17 AM (PDT)","parker (https://www.notion.so/2449ed6c1f7c80f8b076d514060a3dd5?pvs=21), S (https://www.notion.so/2029ed6c1f7c80e89403cc1b1d5306bc?pvs=21)","parker, S",No,634 days ago,,lucifer (https://www.notion.so/2389ed6c1f7c80549ab2d651b1146c9d?pvs=21),,,,35 mins,5/2 '24 11:42 PM → 5/3'24 12:17 AM,
"@May 27, 2024 8:49 PM ",26.9,1 day,"May 27, 2024 8:49 PM → May 28, 2024 11:42 PM",No,,"May 27, 2024 8:49 PM (PDT) → May 28, 2024 11:42 PM (PDT)","May 28, 2024 11:42 PM (PDT)","husk (https://www.notion.so/2419ed6c1f7c8087b119c4f7d4b22f1d?pvs=21), S (https://www.notion.so/2029ed6c1f7c80e89403cc1b1d5306bc?pvs=21)","husk, S",No,634 days ago,,blitz (https://www.notion.so/2029ed6c1f7c80fca94adab5945ece65?pvs=21),,,,"1 day, 2 hrs",5/1 '24 8:49 PM → 5/2'24 11:42 PM,
"@January 19, 2025 1:29 PM ",129.7,5 days,"January 19, 2025 1:29 PM → January 24, 2025 11:09 PM",No,,"January 19, 2025 1:29 PM (PST) → January 24, 2025 11:09 PM (PST)","January 24, 2025 11:09 PM (PST)",vox (https://www.notion.so/20f9ed6c1f7c80089f7ae036f5153789?pvs=21),vox,No,393 days ago,,house (https://www.notion.so/2019ed6c1f7c80d18bb0c6a9d225e3c6?pvs=21),,,,"5 days, 9 hrs",1/0 '25 1:29 PM → 1/5'25 11:09 PM,
"@September 30, 2024 1:09 AM ",160.3,6 days,"September 30, 2024 1:09 AM → October 6, 2024 5:28 PM",No,,"September 30, 2024 1:09 AM (PDT) → October 6, 2024 5:28 PM (PDT)","October 6, 2024 5:28 PM (PDT)",vox (https://www.notion.so/20f9ed6c1f7c80089f7ae036f5153789?pvs=21),vox,No,503 days ago,,lucifer (https://www.notion.so/2389ed6c1f7c80549ab2d651b1146c9d?pvs=21),,,,"6 days, 16 hrs",9/1 '24 1:09 AM → 10/0'24 5:28 PM,
"@September 12, 2024 12:06 PM ",96.6,4 days,"September 12, 2024 12:06 PM → September 16, 2024 12:43 PM",No,,"September 12, 2024 12:06 PM (PDT) → September 16, 2024 12:43 PM (PDT)","September 16, 2024 12:43 PM (PDT)",vox (https://www.notion.so/20f9ed6c1f7c80089f7ae036f5153789?pvs=21),vox,No,524 days ago,,husk (https://www.notion.so/2419ed6c1f7c8087b119c4f7d4b22f1d?pvs=21),,,,4 days,9/4 '24 12:06 PM → 9/1'24 12:43 PM,
"@September 5, 2024 12:20 PM ",47.6,1 day,"September 5, 2024 12:20 PM → September 7, 2024 11:55 AM",No,,"September 5, 2024 12:20 PM (PDT) → September 7, 2024 11:55 AM (PDT)","September 7, 2024 11:55 AM (PDT)",vox (https://www.notion.so/20f9ed6c1f7c80089f7ae036f5153789?pvs=21),vox,No,533 days ago,,vox (https://www.notion.so/20f9ed6c1f7c80089f7ae036f5153789?pvs=21),,,,"1 day, 23 hrs",9/4 '24 12:20 PM → 9/6'24 11:55 AM,
"@September 4, 2024 11:43 AM ",23.9,1 day,"September 4, 2024 11:43 AM → September 5, 2024 11:34 AM",No,,"September 4, 2024 11:43 AM (PDT) → September 5, 2024 11:34 AM (PDT)","September 5, 2024 11:34 AM (PDT)",vox (https://www.notion.so/20f9ed6c1f7c80089f7ae036f5153789?pvs=21),vox,No,535 days ago,,S (https://www.notion.so/2029ed6c1f7c80e89403cc1b1d5306bc?pvs=21),,,,"23 hrs, 51 mins",9/3 '24 11:43 AM → 9/4'24 11:34 AM,
"@August 29, 2024 10:32 PM ",16.1,1 day,"August 29, 2024 10:32 PM → August 30, 2024 2:38 PM",No,,"August 29, 2024 10:32 PM (PDT) → August 30, 2024 2:38 PM (PDT)","August 30, 2024 2:38 PM (PDT)",vox (https://www.notion.so/20f9ed6c1f7c80089f7ae036f5153789?pvs=21),vox,No,541 days ago,,saul (https://www.notion.so/2459ed6c1f7c8053be94dbfaff2de372?pvs=21),,,,"16 hrs, 6 mins",8/4 '24 10:32 PM → 8/5'24 2:38 PM,
"@August 24, 2024 11:46 AM ",27,1 day,"August 24, 2024 11:46 AM → August 25, 2024 2:48 PM",No,,"August 24, 2024 11:46 AM (PDT) → August 25, 2024 2:48 PM (PDT)","August 25, 2024 2:48 PM (PDT)",vox (https://www.notion.so/20f9ed6c1f7c80089f7ae036f5153789?pvs=21),vox,No,546 days ago,,blitz (https://www.notion.so/2029ed6c1f7c80fca94adab5945ece65?pvs=21),,,,"1 day, 3 hrs",8/6 '24 11:46 AM → 8/0'24 2:48 PM,
"@August 20, 2024 9:11 PM ",74.3,3 days,"August 20, 2024 9:11 PM → August 23, 2024 11:26 PM",No,,"August 20, 2024 9:11 PM (PDT) → August 23, 2024 11:26 PM (PDT)","August 23, 2024 11:26 PM (PDT)",vox (https://www.notion.so/20f9ed6c1f7c80089f7ae036f5153789?pvs=21),vox,No,547 days ago,,S (https://www.notion.so/2029ed6c1f7c80e89403cc1b1d5306bc?pvs=21),,,,"3 days, 2 hrs",8/2 '24 9:11 PM → 8/5'24 11:26 PM,
"@August 19, 2024 1:59 PM ",21.6,1 day,"August 19, 2024 1:59 PM → August 20, 2024 11:33 AM",No,,"August 19, 2024 1:59 PM (PDT) → August 20, 2024 11:33 AM (PDT)","August 20, 2024 11:33 AM (PDT)",vox (https://www.notion.so/20f9ed6c1f7c80089f7ae036f5153789?pvs=21),vox,No,551 days ago,,blitz (https://www.notion.so/2029ed6c1f7c80fca94adab5945ece65?pvs=21),,,,"21 hrs, 34 mins",8/1 '24 1:59 PM → 8/2'24 11:33 AM,
"@August 18, 2024 12:46 AM ",10.3,same-day,"August 18, 2024 12:46 AM → August 18, 2024 11:03 AM",No,,"August 18, 2024 12:46 AM (PDT) → 11:03 AM","August 18, 2024 11:03 AM (PDT)","vox (https://www.notion.so/20f9ed6c1f7c80089f7ae036f5153789?pvs=21), Alastor (https://www.notion.so/23a9ed6c1f7c80a2bac9e6160ae37253?pvs=21)","vox, Alastor",No,553 days ago,,S (https://www.notion.so/2029ed6c1f7c80e89403cc1b1d5306bc?pvs=21),,,,"10 hrs, 17 mins",8/0 '24 12:46 AM → 11:03 AM,
"@August 13, 2024 7:34 PM ",94,3 days,"August 13, 2024 7:34 PM → August 17, 2024 5:36 PM",No,,"August 13, 2024 7:34 PM (PDT) → August 17, 2024 5:36 PM (PDT)","August 17, 2024 5:36 PM (PDT)",vox (https://www.notion.so/20f9ed6c1f7c80089f7ae036f5153789?pvs=21),vox,No,553 days ago,,vox (https://www.notion.so/20f9ed6c1f7c80089f7ae036f5153789?pvs=21),,,,"3 days, 22 hrs",8/2 '24 7:34 PM → 8/6'24 5:36 PM,
"@August 10, 2024 10:44 PM ",72.6,3 days,"August 10, 2024 10:44 PM → August 13, 2024 11:21 PM",No,,"August 10, 2024 10:44 PM (PDT) → August 13, 2024 9:41 AM (PDT)","August 13, 2024 11:21 PM (PDT)",vox (https://www.notion.so/20f9ed6c1f7c80089f7ae036f5153789?pvs=21),vox,No,557 days ago,,S (https://www.notion.so/2029ed6c1f7c80e89403cc1b1d5306bc?pvs=21),,,,3 days,8/6 '24 10:44 PM → 8/2'24 11:21 PM,
"@August 3, 2024 5:38 PM ",116.5,4 days,"August 3, 2024 5:38 PM → August 8, 2024 2:06 PM",No,,"August 3, 2024 5:38 PM (PDT) → August 8, 2024 2:06 PM (PDT)","August 8, 2024 2:06 PM (PDT)",vox (https://www.notion.so/20f9ed6c1f7c80089f7ae036f5153789?pvs=21),vox,No,563 days ago,,S (https://www.notion.so/2029ed6c1f7c80e89403cc1b1d5306bc?pvs=21),,,,"4 days, 20 hrs",8/6 '24 5:38 PM → 8/4'24 2:06 PM,
"@August 1, 2024 11:16 PM ",23.4,1 day,"August 1, 2024 11:16 PM → August 2, 2024 10:41 PM",No,,"August 1, 2024 11:16 PM (PDT) → August 2, 2024 10:41 PM (PDT)","August 2, 2024 10:41 PM (PDT)",vox (https://www.notion.so/20f9ed6c1f7c80089f7ae036f5153789?pvs=21),vox,No,568 days ago,,blitz (https://www.notion.so/2029ed6c1f7c80fca94adab5945ece65?pvs=21),,,,"23 hrs, 25 mins",8/4 '24 11:16 PM → 8/5'24 10:41 PM,
"@July 31, 2024 2:22 AM ",37.7,1 day,"July 31, 2024 2:22 AM → August 1, 2024 4:01 PM",No,,"July 31, 2024 2:22 AM (PDT) → August 1, 2024 4:01 PM (PDT)","August 1, 2024 4:01 PM (PDT)",vox (https://www.notion.so/20f9ed6c1f7c80089f7ae036f5153789?pvs=21),vox,No,570 days ago,,rick (https://www.notion.so/2449ed6c1f7c800da22ce392e9f827ad?pvs=21),,,,"1 day, 13 hrs",7/3 '24 2:22 AM → 8/4'24 4:01 PM,
"@July 29, 2024 6:44 PM ",21.2,1 day,"July 29, 2024 6:44 PM → July 30, 2024 3:55 PM",No,,"July 29, 2024 6:44 PM (PDT) → July 30, 2024 3:55 PM (PDT)","July 30, 2024 3:55 PM (PDT)",vox (https://www.notion.so/20f9ed6c1f7c80089f7ae036f5153789?pvs=21),vox,No,572 days ago,,adam (https://www.notion.so/2389ed6c1f7c805c9257facac13c3739?pvs=21),,,,"21 hrs, 11 mins",7/1 '24 6:44 PM → 7/2'24 3:55 PM,
"@July 27, 2024 2:01 PM ",8.9,same-day,"July 27, 2024 2:01 PM → July 27, 2024 10:53 PM",No,,"July 27, 2024 2:01 PM (PDT) → 10:53 PM","July 27, 2024 10:53 PM (PDT)",vox (https://www.notion.so/20f9ed6c1f7c80089f7ae036f5153789?pvs=21),vox,No,574 days ago,,husk (https://www.notion.so/2419ed6c1f7c8087b119c4f7d4b22f1d?pvs=21),,,,"8 hrs, 52 mins",7/6 '24 2:01 PM → 10:53 PM,
"@July 23, 2024 2:03 PM ",26.9,1 day,"July 23, 2024 2:03 PM → July 24, 2024 4:58 PM",No,,"July 23, 2024 2:03 PM (PDT) → July 24, 2024 4:58 PM (PDT)","July 24, 2024 4:58 PM (PDT)",vox (https://www.notion.so/20f9ed6c1f7c80089f7ae036f5153789?pvs=21),vox,No,577 days ago,,parker (https://www.notion.so/2449ed6c1f7c80f8b076d514060a3dd5?pvs=21),,,,"1 day, 2 hrs",7/2 '24 2:03 PM → 7/3'24 4:58 PM,
"@July 21, 2024 10:36 AM ",7.7,same-day,"July 21, 2024 10:36 AM → July 21, 2024 6:20 PM",No,,"July 21, 2024 10:36 AM (PDT) → 6:20 PM","July 21, 2024 6:20 PM (PDT)",vox (https://www.notion.so/20f9ed6c1f7c80089f7ae036f5153789?pvs=21),vox,No,580 days ago,,blitz (https://www.notion.so/2029ed6c1f7c80fca94adab5945ece65?pvs=21),,,,"7 hrs, 44 mins",7/0 '24 10:36 AM → 6:20 PM,
"@July 19, 2024 12:13 PM ",33.2,1 day,"July 19, 2024 12:13 PM → July 20, 2024 9:25 PM",No,,"July 19, 2024 12:13 PM (PDT) → July 20, 2024 9:25 PM (PDT)","July 20, 2024 9:25 PM (PDT)",vox (https://www.notion.so/20f9ed6c1f7c80089f7ae036f5153789?pvs=21),vox,No,581 days ago,,Deer (https://www.notion.so/2419ed6c1f7c80669bc0c1b64c898ec3?pvs=21),,,,"1 day, 9 hrs",7/5 '24 12:13 PM → 7/6'24 9:25 PM,
"@July 18, 2024 7:15 PM ",4.2,same-day,"July 18, 2024 7:15 PM → July 18, 2024 11:29 PM",No,,"July 18, 2024 7:15 PM (PDT) → 11:29 PM","July 18, 2024 11:29 PM (PDT)","L (https://www.notion.so/2449ed6c1f7c803796d9cc8a55b8ee2b?pvs=21), vox (https://www.notion.so/20f9ed6c1f7c80089f7ae036f5153789?pvs=21)","L, vox",No,583 days ago,,stolas (https://www.notion.so/2459ed6c1f7c8019acf3c9dfb33c4c65?pvs=21),,,,"4 hrs, 14 mins",7/4 '24 7:15 PM → 11:29 PM,
"@July 17, 2024 1:34 AM ",17.6,same-day,"July 17, 2024 1:34 AM → July 17, 2024 7:12 PM",No,,"July 17, 2024 1:34 AM (PDT) → 7:12 PM","July 17, 2024 7:12 PM (PDT)",vox (https://www.notion.so/20f9ed6c1f7c80089f7ae036f5153789?pvs=21),vox,No,584 days ago,,stolas (https://www.notion.so/2459ed6c1f7c8019acf3c9dfb33c4c65?pvs=21),,,,"17 hrs, 38 mins",7/3 '24 1:34 AM → 7:12 PM,
"@July 2, 2024 3:29 PM",8834.1,12 months & 3 days,"July 2, 2024 3:29 PM → July 5, 2025 5:36 PM",No,,"July 2, 2024 3:29 PM (PDT) → July 5, 2024 5:36 PM (PDT)","July 5, 2025 5:36 PM (PDT)",vox (https://www.notion.so/20f9ed6c1f7c80089f7ae036f5153789?pvs=21),vox,No,231 days ago,,jade/lillian (https://www.notion.so/2439ed6c1f7c80e8af00f24136a378bd?pvs=21),,,,"368 days, 2 hrs",7/2 '24 3:29 PM → 7/6'25 5:36 PM,
"@June 24, 2024 5:42 AM ",12.8,same-day,"June 24, 2024 5:42 AM → June 24, 2024 6:31 PM",No,,"June 24, 2024 5:42 AM (PDT) → 6:31 PM","June 24, 2024 6:31 PM (PDT)","husk (https://www.notion.so/2419ed6c1f7c8087b119c4f7d4b22f1d?pvs=21), vox (https://www.notion.so/20f9ed6c1f7c80089f7ae036f5153789?pvs=21)","husk, vox",No,607 days ago,,husk (https://www.notion.so/2419ed6c1f7c8087b119c4f7d4b22f1d?pvs=21),,,,"12 hrs, 49 mins",6/1 '24 5:42 AM → 6:31 PM,
"@June 22, 2024 4:14 PM ",4.5,same-day,"June 22, 2024 4:14 PM → June 22, 2024 8:44 PM",No,,"June 22, 2024 4:14 PM (PDT) → 8:44 PM","June 22, 2024 8:44 PM (PDT)",vox (https://www.notion.so/20f9ed6c1f7c80089f7ae036f5153789?pvs=21),vox,No,609 days ago,,vox (https://www.notion.so/20f9ed6c1f7c80089f7ae036f5153789?pvs=21),,,,"4 hrs, 30 mins",6/6 '24 4:14 PM → 8:44 PM,
"@June 21, 2024 12:32 PM ",10,same-day,"June 21, 2024 12:32 PM → June 21, 2024 10:34 PM",No,,"June 21, 2024 12:32 PM (PDT) → 10:34 PM","June 21, 2024 10:34 PM (PDT)",vox (https://www.notion.so/20f9ed6c1f7c80089f7ae036f5153789?pvs=21),vox,No,610 days ago,,lucifer (https://www.notion.so/2389ed6c1f7c80549ab2d651b1146c9d?pvs=21),,,,"10 hrs, 2 mins",6/5 '24 12:32 PM → 10:34 PM,
"@June 20, 2024 7:24 PM ",16.9,1 day,"June 20, 2024 7:24 PM → June 21, 2024 12:15 PM",No,,"June 20, 2024 7:24 PM (PDT) → June 21, 2024 12:15 PM (PDT)","June 21, 2024 12:15 PM (PDT)","vox (https://www.notion.so/20f9ed6c1f7c80089f7ae036f5153789?pvs=21), husk (https://www.notion.so/2419ed6c1f7c8087b119c4f7d4b22f1d?pvs=21)","vox, husk",No,611 days ago,,aphrodesia (https://www.notion.so/23a9ed6c1f7c804fb0dfca89541a436e?pvs=21),,,,"16 hrs, 51 mins",6/4 '24 7:24 PM → 6/5'24 12:15 PM,
"@June 19, 2024 6:32 PM ",14.5,1 day,"June 19, 2024 6:32 PM → June 20, 2024 9:02 AM",No,,"June 19, 2024 6:32 PM (PDT) → June 20, 2024 9:02 AM (PDT)","June 20, 2024 9:02 AM (PDT)",vox (https://www.notion.so/20f9ed6c1f7c80089f7ae036f5153789?pvs=21),vox,No,612 days ago,,S (https://www.notion.so/2029ed6c1f7c80e89403cc1b1d5306bc?pvs=21),,,,"14 hrs, 30 mins",6/3 '24 6:32 PM → 6/4'24 9:02 AM,
"@June 18, 2024 5:40 PM ",24.9,1 day,"June 18, 2024 5:40 PM → June 19, 2024 6:32 PM",No,,"June 18, 2024 5:40 PM (PDT) → June 19, 2024 6:32 PM (PDT)","June 19, 2024 6:32 PM (PDT)",vox (https://www.notion.so/20f9ed6c1f7c80089f7ae036f5153789?pvs=21),vox,No,612 days ago,,husk (https://www.notion.so/2419ed6c1f7c8087b119c4f7d4b22f1d?pvs=21),,,,1 day,6/2 '24 5:40 PM → 6/3'24 6:32 PM,
"@June 15, 2024 10:55 PM ",0.1,same-day,"June 15, 2024 10:55 PM → June 15, 2024 11:03 PM",No,,"June 15, 2024 10:55 PM (PDT) → 11:03 PM","June 15, 2024 11:03 PM (PDT)",vox (https://www.notion.so/20f9ed6c1f7c80089f7ae036f5153789?pvs=21),vox,No,616 days ago,,Alastor (https://www.notion.so/23a9ed6c1f7c80a2bac9e6160ae37253?pvs=21),,,,8 mins,6/6 '24 10:55 PM → 11:03 PM,
"@June 11, 2024 10:48 AM ",22.8,1 day,"June 11, 2024 10:48 AM → June 12, 2024 9:33 AM",No,,"June 11, 2024 10:48 AM (PDT) → June 12, 2024 9:33 AM (PDT)","June 12, 2024 9:33 AM (PDT)","husk (https://www.notion.so/2419ed6c1f7c8087b119c4f7d4b22f1d?pvs=21), vox (https://www.notion.so/20f9ed6c1f7c80089f7ae036f5153789?pvs=21)","husk, vox",No,620 days ago,,aphrodesia (https://www.notion.so/23a9ed6c1f7c804fb0dfca89541a436e?pvs=21),,,,"22 hrs, 45 mins",6/2 '24 10:48 AM → 6/3'24 9:33 AM,
"@June 8, 2024 11:22 PM ",43.2,1 day,"June 8, 2024 11:22 PM → June 10, 2024 6:33 PM",No,,"June 8, 2024 11:22 PM (PDT) → June 10, 2024 6:33 PM (PDT)","June 10, 2024 6:33 PM (PDT)",vox (https://www.notion.so/20f9ed6c1f7c80089f7ae036f5153789?pvs=21),vox,No,621 days ago,,S (https://www.notion.so/2029ed6c1f7c80e89403cc1b1d5306bc?pvs=21),,,,"1 day, 19 hrs",6/6 '24 11:22 PM → 6/1'24 6:33 PM,
"@May 31, 2024 1:18 AM ",1.1,same-day,"May 31, 2024 1:18 AM → May 31, 2024 2:26 AM",No,,"May 31, 2024 1:18 AM (PDT) → 2:26 AM","May 31, 2024 2:26 AM (PDT)","vox (https://www.notion.so/20f9ed6c1f7c80089f7ae036f5153789?pvs=21), vin (https://www.notion.so/2469ed6c1f7c80148ee2f1c9218317ec?pvs=21), aphrodesia (https://www.notion.so/23a9ed6c1f7c804fb0dfca89541a436e?pvs=21)","vox, vin, aphrodesia",No,632 days ago,,stolas (https://www.notion.so/2459ed6c1f7c8019acf3c9dfb33c4c65?pvs=21),,,,"1 hr, 8 mins",5/5 '24 1:18 AM → 2:26 AM,
"@December 15, 2024 11:23 PM ",1,1 day,"December 15, 2024 11:23 PM → December 16, 2024 12:21 AM",No,,"December 15, 2024 11:23 PM (PST) → December 16, 2024 12:21 AM (PST)","December 16, 2024 12:21 AM (PST)",Alastor (https://www.notion.so/23a9ed6c1f7c80a2bac9e6160ae37253?pvs=21),Alastor,No,433 days ago,,lucifer (https://www.notion.so/2389ed6c1f7c80549ab2d651b1146c9d?pvs=21),,,,58 mins,12/0 '24 11:23 PM → 12/1'24 12:21 AM,
"@September 19, 2024 6:24 PM ",2.4,same-day,"September 19, 2024 6:24 PM → September 19, 2024 8:46 PM",No,,"September 19, 2024 6:24 PM (PDT) → 8:46 PM","September 19, 2024 8:46 PM (PDT)",Alastor (https://www.notion.so/23a9ed6c1f7c80a2bac9e6160ae37253?pvs=21),Alastor,No,520 days ago,,S (https://www.notion.so/2029ed6c1f7c80e89403cc1b1d5306bc?pvs=21),,,,"2 hrs, 22 mins",9/4 '24 6:24 PM → 8:46 PM,
"@August 20, 2024 11:33 AM ",25.7,1 day,"August 20, 2024 11:33 AM → August 21, 2024 1:15 PM",No,,"August 20, 2024 11:33 AM (PDT) → August 21, 2024 1:15 PM (PDT)","August 21, 2024 1:15 PM (PDT)",Alastor (https://www.notion.so/23a9ed6c1f7c80a2bac9e6160ae37253?pvs=21),Alastor,No,550 days ago,,vox (https://www.notion.so/20f9ed6c1f7c80089f7ae036f5153789?pvs=21),,,,"1 day, 1 hr",8/2 '24 11:33 AM → 8/3'24 1:15 PM,
"@June 10, 2024 12:10 PM ",6.4,same-day,"June 10, 2024 12:10 PM → June 10, 2024 6:32 PM",No,,"June 10, 2024 12:10 PM (PDT) → 6:32 PM","June 10, 2024 6:32 PM (PDT)",Alastor (https://www.notion.so/23a9ed6c1f7c80a2bac9e6160ae37253?pvs=21),Alastor,No,621 days ago,,vox (https://www.notion.so/20f9ed6c1f7c80089f7ae036f5153789?pvs=21),,,,"6 hrs, 22 mins",6/1 '24 12:10 PM → 6:32 PM,
"@June 3, 2024 1:10 AM ",15.7,same-day,"June 3, 2024 1:10 AM → June 3, 2024 4:49 PM",No,,"June 3, 2024 1:10 AM (PDT) → 4:49 PM","June 3, 2024 4:49 PM (PDT)",Alastor (https://www.notion.so/23a9ed6c1f7c80a2bac9e6160ae37253?pvs=21),Alastor,No,628 days ago,,Alastor (https://www.notion.so/23a9ed6c1f7c80a2bac9e6160ae37253?pvs=21),,,,"15 hrs, 39 mins",6/1 '24 1:10 AM → 4:49 PM,
"@June 4, 2024 9:15 PM ",12.8,1 day,"June 4, 2024 9:15 PM → June 5, 2024 10:00 AM",No,,"June 4, 2024 9:15 PM (PDT) → June 5, 2024 10:02 AM (PDT)","June 5, 2024 10:00 AM (PDT)",Alastor (https://www.notion.so/23a9ed6c1f7c80a2bac9e6160ae37253?pvs=21),Alastor,No,627 days ago,,blitz (https://www.notion.so/2029ed6c1f7c80fca94adab5945ece65?pvs=21),,,,"12 hrs, 45 mins",6/2 '24 9:15 PM → 6/3'24 10:00 AM,
"@June 3, 2024 10:23 PM ",12.3,1 day,"June 3, 2024 10:23 PM → June 4, 2024 10:41 AM",No,,"June 3, 2024 10:23 PM (PDT) → June 4, 2024 10:41 AM (PDT)","June 4, 2024 10:41 AM (PDT)","Alastor (https://www.notion.so/23a9ed6c1f7c80a2bac9e6160ae37253?pvs=21), vin (https://www.notion.so/2469ed6c1f7c80148ee2f1c9218317ec?pvs=21)","Alastor, vin",No,628 days ago,,aphrodesia (https://www.notion.so/23a9ed6c1f7c804fb0dfca89541a436e?pvs=21),,,,"12 hrs, 18 mins",6/1 '24 10:23 PM → 6/2'24 10:41 AM,
"@June 2, 2024 5:11 PM ",5.7,same-day,"June 2, 2024 5:11 PM → June 2, 2024 10:54 PM",No,,"June 2, 2024 5:11 PM (PDT) → 10:54 PM","June 2, 2024 10:54 PM (PDT)","Alastor (https://www.notion.so/23a9ed6c1f7c80a2bac9e6160ae37253?pvs=21), aphrodesia (https://www.notion.so/23a9ed6c1f7c804fb0dfca89541a436e?pvs=21)","Alastor, aphrodesia",No,629 days ago,,lucifer (https://www.notion.so/2389ed6c1f7c80549ab2d651b1146c9d?pvs=21),,,,"5 hrs, 43 mins",6/0 '24 5:11 PM → 10:54 PM,
"@May 30, 2024 1:39 PM ",0.9,same-day,"May 30, 2024 1:39 PM → May 30, 2024 2:34 PM",No,,"May 30, 2024 1:39 PM (PDT) → 2:34 PM","May 30, 2024 2:34 PM (PDT)",Alastor (https://www.notion.so/23a9ed6c1f7c80a2bac9e6160ae37253?pvs=21),Alastor,No,633 days ago,,adam (https://www.notion.so/2389ed6c1f7c805c9257facac13c3739?pvs=21),,,,55 mins,5/4 '24 1:39 PM → 2:34 PM,
"@May 29, 2024 7:54 PM ",0.2,same-day,"May 29, 2024 7:54 PM → May 29, 2024 8:04 PM",No,,"May 29, 2024 7:54 PM (PDT) → 8:04 PM","May 29, 2024 8:04 PM (PDT)","rick (https://www.notion.so/2449ed6c1f7c800da22ce392e9f827ad?pvs=21), Alastor (https://www.notion.so/23a9ed6c1f7c80a2bac9e6160ae37253?pvs=21)","rick, Alastor",No,633 days ago,,husk (https://www.notion.so/2419ed6c1f7c8087b119c4f7d4b22f1d?pvs=21),,,,10 mins,5/3 '24 7:54 PM → 8:04 PM,
"@July 18, 2024 11:29 PM ",12.7,1 day,"July 18, 2024 11:29 PM → July 19, 2024 12:13 PM",No,,"July 18, 2024 11:29 PM (PDT) → July 19, 2024 12:13 PM (PDT)","July 19, 2024 12:13 PM (PDT)","Deer (https://www.notion.so/2419ed6c1f7c80669bc0c1b64c898ec3?pvs=21), aphrodesia (https://www.notion.so/23a9ed6c1f7c804fb0dfca89541a436e?pvs=21)","Deer, aphrodesia",No,583 days ago,,L (https://www.notion.so/2449ed6c1f7c803796d9cc8a55b8ee2b?pvs=21),,,,"12 hrs, 44 mins",7/4 '24 11:29 PM → 7/5'24 12:13 PM,
"@July 12, 2024 9:44 PM ",15.1,1 day,"July 12, 2024 9:44 PM → July 13, 2024 12:48 PM",No,,"July 12, 2024 9:44 PM (PDT) → July 13, 2024 12:48 PM (PDT)","July 13, 2024 12:48 PM (PDT)",aphrodesia (https://www.notion.so/23a9ed6c1f7c804fb0dfca89541a436e?pvs=21),aphrodesia,No,589 days ago,,blitz (https://www.notion.so/2029ed6c1f7c80fca94adab5945ece65?pvs=21),,,,"15 hrs, 4 mins",7/5 '24 9:44 PM → 7/6'24 12:48 PM,
"@June 28, 2024 12:11 PM ",33.5,1 day,"June 28, 2024 12:11 PM → June 29, 2024 9:38 PM",No,,"June 28, 2024 12:11 PM (PDT) → June 29, 2024 9:38 PM (PDT)","June 29, 2024 9:38 PM (PDT)",aphrodesia (https://www.notion.so/23a9ed6c1f7c804fb0dfca89541a436e?pvs=21),aphrodesia,No,602 days ago,,S (https://www.notion.so/2029ed6c1f7c80e89403cc1b1d5306bc?pvs=21),,,,"1 day, 9 hrs",6/5 '24 12:11 PM → 6/6'24 9:38 PM,
"@June 20, 2024 3:13 PM ",4.2,same-day,"June 20, 2024 3:13 PM → June 20, 2024 7:24 PM",No,,"June 20, 2024 3:13 PM (PDT) → 7:24 PM","June 20, 2024 7:24 PM (PDT)",aphrodesia (https://www.notion.so/23a9ed6c1f7c804fb0dfca89541a436e?pvs=21),aphrodesia,No,611 days ago,,vin (https://www.notion.so/2469ed6c1f7c80148ee2f1c9218317ec?pvs=21),,,,"4 hrs, 11 mins",6/4 '24 3:13 PM → 7:24 PM,
"@June 10, 2024 12:10 PM ",1.6,same-day,"June 10, 2024 12:10 PM → June 10, 2024 1:47 PM",No,,"June 10, 2024 12:10 PM (PDT) → 1:47 PM","June 10, 2024 1:47 PM (PDT)",aphrodesia (https://www.notion.so/23a9ed6c1f7c804fb0dfca89541a436e?pvs=21),aphrodesia,No,622 days ago,,Alastor (https://www.notion.so/23a9ed6c1f7c80a2bac9e6160ae37253?pvs=21),,,,"1 hr, 37 mins",6/1 '24 12:10 PM → 1:47 PM,
"@June 3, 2024 4:52 PM ",29.5,1 day,"June 3, 2024 4:52 PM → June 4, 2024 10:23 PM",No,,"June 3, 2024 4:52 PM (PDT) → 10:23 PM","June 4, 2024 10:23 PM (PDT)",aphrodesia (https://www.notion.so/23a9ed6c1f7c804fb0dfca89541a436e?pvs=21),aphrodesia,No,627 days ago,,blitz (https://www.notion.so/2029ed6c1f7c80fca94adab5945ece65?pvs=21),,,,"1 day, 5 hrs",6/1 '24 4:52 PM → 6/2'24 10:23 PM,
"@June 1, 2024 11:58 PM ",5.9,1 day,"June 1, 2024 11:58 PM → June 2, 2024 5:51 AM",No,,"June 1, 2024 11:58 PM (PDT) → June 2, 2024 5:51 AM (PDT)","June 2, 2024 5:51 AM (PDT)",aphrodesia (https://www.notion.so/23a9ed6c1f7c804fb0dfca89541a436e?pvs=21),aphrodesia,No,630 days ago,,blitz (https://www.notion.so/2029ed6c1f7c80fca94adab5945ece65?pvs=21),,,,"5 hrs, 53 mins",6/6 '24 11:58 PM → 6/0'24 5:51 AM,
"@May 31, 2024 6:43 PM ",0.1,same-day,"May 31, 2024 6:43 PM → May 31, 2024 6:48 PM",No,,"May 31, 2024 6:43 PM (PDT) → 6:48 PM","May 31, 2024 6:48 PM (PDT)",aphrodesia (https://www.notion.so/23a9ed6c1f7c804fb0dfca89541a436e?pvs=21),aphrodesia,No,631 days ago,,vox (https://www.notion.so/20f9ed6c1f7c80089f7ae036f5153789?pvs=21),,,,5 mins,5/5 '24 6:43 PM → 6:48 PM,
"@May 30, 2024 1:32 PM ",0.1,same-day,"May 30, 2024 1:32 PM → May 30, 2024 1:36 PM",No,,"May 30, 2024 1:32 PM (PDT) → 1:36 PM","May 30, 2024 1:36 PM (PDT)",aphrodesia (https://www.notion.so/23a9ed6c1f7c804fb0dfca89541a436e?pvs=21),aphrodesia,No,633 days ago,,stolas (https://www.notion.so/2459ed6c1f7c8019acf3c9dfb33c4c65?pvs=21),,,,4 mins,5/4 '24 1:32 PM → 1:36 PM,
"@February 1, 2025 9:26 AM ",7.2,same-day,"February 1, 2025 9:26 AM → February 1, 2025 4:40 PM",No,,"February 1, 2025 9:26 AM (PST) → 4:40 PM","February 1, 2025 4:40 PM (PST)",arthur (https://www.notion.so/23b9ed6c1f7c80b38a26f405b65bf9de?pvs=21),arthur,No,385 days ago,,arthur (https://www.notion.so/23b9ed6c1f7c80b38a26f405b65bf9de?pvs=21),,,,"7 hrs, 14 mins",2/6 '25 9:26 AM → 4:40 PM,
"@January 27, 2025 5:39 PM ",44.6,1 day,"January 27, 2025 5:39 PM → January 29, 2025 2:13 PM",No,,"January 27, 2025 5:39 PM (PST) → January 29, 2025 2:13 PM (PST)","January 29, 2025 2:13 PM (PST)",arthur (https://www.notion.so/23b9ed6c1f7c80b38a26f405b65bf9de?pvs=21),arthur,No,389 days ago,,house (https://www.notion.so/2019ed6c1f7c80d18bb0c6a9d225e3c6?pvs=21),,,,"1 day, 20 hrs",1/1 '25 5:39 PM → 1/3'25 2:13 PM,
"@January 4, 2025 1:37 AM ",209.6,8 days,"January 4, 2025 1:37 AM → January 12, 2025 7:15 PM",No,,"January 4, 2025 1:37 AM (PST) → January 12, 2025 7:15 PM (PST)","January 12, 2025 7:15 PM (PST)",arthur (https://www.notion.so/23b9ed6c1f7c80b38a26f405b65bf9de?pvs=21),arthur,No,405 days ago,,odysseus (https://www.notion.so/2019ed6c1f7c80dfad62d8fc76fe99d0?pvs=21),,,,"8 days, 17 hrs",1/6 '25 1:37 AM → 1/0'25 7:15 PM,
"@August 3, 2024 9:25 PM ",2.9,1 day,"August 4, 2024 9:25 PM → August 5, 2024 12:18 AM",No,,"August 4, 2024 9:25 PM (PDT) → August 5, 2024 12:18 AM (PDT)","August 5, 2024 12:18 AM (PDT)",arthur (https://www.notion.so/23b9ed6c1f7c80b38a26f405b65bf9de?pvs=21),arthur,No,566 days ago,,vox (https://www.notion.so/20f9ed6c1f7c80089f7ae036f5153789?pvs=21),,,,"2 hrs, 53 mins",8/0 '24 9:25 PM → 8/1'24 12:18 AM,
"@July 24, 2024 1:03 PM ",3.9,same-day,"July 24, 2024 1:03 PM → July 24, 2024 4:58 PM",No,,"July 24, 2024 1:03 PM (PDT) → 4:58 PM","July 24, 2024 4:58 PM (PDT)",arthur (https://www.notion.so/23b9ed6c1f7c80b38a26f405b65bf9de?pvs=21),arthur,No,577 days ago,,vox (https://www.notion.so/20f9ed6c1f7c80089f7ae036f5153789?pvs=21),,,,"3 hrs, 55 mins",7/3 '24 1:03 PM → 4:58 PM,
"@October 23, 2024 10:01 PM ",998.5,1 month & 10 days,"October 23, 2024 10:01 PM → December 4, 2024 11:28 AM",No,,"October 23, 2024 10:01 PM (PDT) → December 4, 2024 11:28 AM (PST)","December 4, 2024 11:28 AM (PST)",bojack (https://www.notion.so/23b9ed6c1f7c808ba0ffc76ff74f356d?pvs=21),bojack,No,445 days ago,,vox (https://www.notion.so/20f9ed6c1f7c80089f7ae036f5153789?pvs=21),,,,"41 days, 14 hrs",10/3 '24 10:01 PM → 12/3'24 11:28 AM,
"@August 23, 2024 11:26 PM ",12.3,1 day,"August 23, 2024 11:26 PM → August 24, 2024 11:46 AM",No,,"August 23, 2024 11:26 PM (PDT) → August 24, 2024 11:46 AM (PDT)","August 24, 2024 11:46 AM (PDT)",bojack (https://www.notion.so/23b9ed6c1f7c808ba0ffc76ff74f356d?pvs=21),bojack,No,547 days ago,,Deer (https://www.notion.so/2419ed6c1f7c80669bc0c1b64c898ec3?pvs=21),,,,"12 hrs, 20 mins",8/5 '24 11:26 PM → 8/6'24 11:46 AM,
"@July 30, 2024 3:56 PM ",3.3,same-day,"July 30, 2024 3:56 PM → July 30, 2024 7:14 PM",No,,"July 30, 2024 3:56 PM (PDT) → 7:14 PM","July 30, 2024 7:14 PM (PDT)","bojack (https://www.notion.so/23b9ed6c1f7c808ba0ffc76ff74f356d?pvs=21), rick (https://www.notion.so/2449ed6c1f7c800da22ce392e9f827ad?pvs=21)","bojack, rick",No,571 days ago,,stolas (https://www.notion.so/2459ed6c1f7c8019acf3c9dfb33c4c65?pvs=21),,,,"3 hrs, 18 mins",7/2 '24 3:56 PM → 7:14 PM,
"@July 29, 2024 6:44 PM ",0.6,same-day,"July 29, 2024 6:44 PM → July 29, 2024 7:17 PM",No,,"July 29, 2024 6:44 PM (PDT) → 7:17 PM","July 29, 2024 7:17 PM (PDT)",bojack (https://www.notion.so/23b9ed6c1f7c808ba0ffc76ff74f356d?pvs=21),bojack,No,572 days ago,,vox (https://www.notion.so/20f9ed6c1f7c80089f7ae036f5153789?pvs=21),,,,33 mins,7/1 '24 6:44 PM → 7:17 PM,
"@June 1, 2024 1:41 PM ",0.5,same-day,"June 1, 2024 1:41 PM → June 1, 2024 2:10 PM",No,,"June 1, 2024 1:41 PM (PDT) → 2:10 PM","June 1, 2024 2:10 PM (PDT)",bojack (https://www.notion.so/23b9ed6c1f7c808ba0ffc76ff74f356d?pvs=21),bojack,No,631 days ago,,lucifer (https://www.notion.so/2389ed6c1f7c80549ab2d651b1146c9d?pvs=21),,,,29 mins,6/6 '24 1:41 PM → 2:10 PM,
"@August 30, 2024 2:38 PM ",8.8,same-day,"August 30, 2024 2:38 PM → August 30, 2024 11:26 PM",No,,"August 30, 2024 2:38 PM (PDT) → 11:26 PM","August 30, 2024 11:26 PM (PDT)",Deer (https://www.notion.so/2419ed6c1f7c80669bc0c1b64c898ec3?pvs=21),Deer,No,540 days ago,,vox (https://www.notion.so/20f9ed6c1f7c80089f7ae036f5153789?pvs=21),,,,"8 hrs, 48 mins",8/5 '24 2:38 PM → 11:26 PM,
"@August 23, 2024 11:25 PM ",12.4,1 day,"August 23, 2024 11:25 PM → August 24, 2024 11:46 AM",No,,"August 23, 2024 11:25 PM (PDT) → August 24, 2024 11:46 AM (PDT)","August 24, 2024 11:46 AM (PDT)",Deer (https://www.notion.so/2419ed6c1f7c80669bc0c1b64c898ec3?pvs=21),Deer,No,547 days ago,,Deer (https://www.notion.so/2419ed6c1f7c80669bc0c1b64c898ec3?pvs=21),,,,"12 hrs, 21 mins",8/5 '24 11:25 PM → 8/6'24 11:46 AM,
"@August 23, 2024 8:20 PM ",51.1,2 days,"August 23, 2024 8:20 PM → August 25, 2024 11:25 PM",No,,"August 23, 2024 8:20 PM (PDT) → 11:25 PM","August 25, 2024 11:25 PM (PDT)",Deer (https://www.notion.so/2419ed6c1f7c80669bc0c1b64c898ec3?pvs=21),Deer,No,545 days ago,,L (https://www.notion.so/2449ed6c1f7c803796d9cc8a55b8ee2b?pvs=21),,,,"2 days, 3 hrs",8/5 '24 8:20 PM → 8/0'24 11:25 PM,
"@May 29, 2024 7:54 PM ",2,same-day,"May 29, 2024 7:54 PM → May 29, 2024 9:52 PM",No,,"May 29, 2024 7:54 PM (PDT) → 9:52 PM","May 29, 2024 9:52 PM (PDT)",husk (https://www.notion.so/2419ed6c1f7c8087b119c4f7d4b22f1d?pvs=21),husk,No,633 days ago,,husk (https://www.notion.so/2419ed6c1f7c8087b119c4f7d4b22f1d?pvs=21),,,,"1 hr, 58 mins",5/3 '24 7:54 PM → 9:52 PM,
"@May 29, 2024 10:48 PM ",-4.1,same-day,"May 29, 2024 10:48 PM → May 29, 2024 6:43 PM",No,,"May 29, 2024 10:48 PM (PDT) → 10:48 PM","May 29, 2024 6:43 PM (PDT)",husk (https://www.notion.so/2419ed6c1f7c8087b119c4f7d4b22f1d?pvs=21),husk,No,633 days ago,,lucifer (https://www.notion.so/2389ed6c1f7c80549ab2d651b1146c9d?pvs=21),,,,-5 mins,5/3 '24 10:48 PM → 6:43 PM,
"@June 1, 2024 1:02 PM ",2.5,same-day,"June 1, 2024 1:02 PM → June 1, 2024 3:30 PM",No,,"June 1, 2024 1:02 PM (PDT) → 3:30 PM","June 1, 2024 3:30 PM (PDT)",husk (https://www.notion.so/2419ed6c1f7c8087b119c4f7d4b22f1d?pvs=21),husk,No,631 days ago,,stolas (https://www.notion.so/2459ed6c1f7c8019acf3c9dfb33c4c65?pvs=21),,,,"2 hrs, 28 mins",6/6 '24 1:02 PM → 3:30 PM,
"@June 2, 2024 5:51 AM ",11.3,same-day,"June 2, 2024 5:51 AM → June 2, 2024 5:11 PM",No,,"June 2, 2024 5:51 AM (PDT) → 5:11 PM","June 2, 2024 5:11 PM (PDT)",husk (https://www.notion.so/2419ed6c1f7c8087b119c4f7d4b22f1d?pvs=21),husk,No,629 days ago,,aphrodesia (https://www.notion.so/23a9ed6c1f7c804fb0dfca89541a436e?pvs=21),,,,"11 hrs, 20 mins",6/0 '24 5:51 AM → 5:11 PM,
"@June 14, 2024 7:09 AM ",15.8,same-day,"June 14, 2024 7:09 AM → June 14, 2024 10:55 PM",No,,"June 14, 2024 7:09 AM (PDT) → 10:55 PM","June 14, 2024 10:55 PM (PDT)",husk (https://www.notion.so/2419ed6c1f7c8087b119c4f7d4b22f1d?pvs=21),husk,No,617 days ago,,husk (https://www.notion.so/2419ed6c1f7c8087b119c4f7d4b22f1d?pvs=21),,,,"15 hrs, 46 mins",6/5 '24 7:09 AM → 10:55 PM,
"@June 16, 2024 4:45 PM ",46.3,1 day,"June 16, 2024 4:45 PM → June 18, 2024 3:03 PM",No,,"June 16, 2024 4:45 PM (PDT) → June 18, 2024 3:03 PM (PDT)","June 18, 2024 3:03 PM (PDT)",husk (https://www.notion.so/2419ed6c1f7c8087b119c4f7d4b22f1d?pvs=21),husk,No,614 days ago,,arthur (https://www.notion.so/23b9ed6c1f7c80b38a26f405b65bf9de?pvs=21),,,,"1 day, 22 hrs",6/0 '24 4:45 PM → 6/2'24 3:03 PM,
"@June 18, 2024 5:40 PM ",1.9,same-day,"June 18, 2024 5:40 PM → June 18, 2024 7:34 PM",No,,"June 18, 2024 5:40 PM (PDT) → 7:34 PM","June 18, 2024 7:34 PM (PDT)",husk (https://www.notion.so/2419ed6c1f7c8087b119c4f7d4b22f1d?pvs=21),husk,No,613 days ago,,stolas (https://www.notion.so/2459ed6c1f7c8019acf3c9dfb33c4c65?pvs=21),,,,"1 hr, 54 mins",6/2 '24 5:40 PM → 7:34 PM,
"@June 20, 2024 9:02 AM ",4.4,same-day,"June 20, 2024 9:02 AM → June 20, 2024 1:24 PM",No,,"June 20, 2024 9:02 AM (PDT) → 1:24 PM","June 20, 2024 1:24 PM (PDT)","husk (https://www.notion.so/2419ed6c1f7c8087b119c4f7d4b22f1d?pvs=21), stolas (https://www.notion.so/2459ed6c1f7c8019acf3c9dfb33c4c65?pvs=21), aphrodesia (https://www.notion.so/23a9ed6c1f7c804fb0dfca89541a436e?pvs=21)","husk, stolas, aphrodesia",No,612 days ago,,aphrodesia (https://www.notion.so/23a9ed6c1f7c804fb0dfca89541a436e?pvs=21),,,,"4 hrs, 22 mins",6/4 '24 9:02 AM → 1:24 PM,
"@July 27, 2024 10:12 AM ",5.3,same-day,"July 27, 2024 10:12 AM → July 27, 2024 3:27 PM",No,,"July 27, 2024 10:12 AM (PDT) → 3:27 PM","July 27, 2024 3:27 PM (PDT)",husk (https://www.notion.so/2419ed6c1f7c8087b119c4f7d4b22f1d?pvs=21),husk,No,575 days ago,,arthur (https://www.notion.so/23b9ed6c1f7c80b38a26f405b65bf9de?pvs=21),,,,"5 hrs, 15 mins",7/6 '24 10:12 AM → 3:27 PM,
"@July 27, 2024 10:53 PM ",13.3,1 day,"July 27, 2024 10:53 PM → July 28, 2024 12:11 PM",No,,"July 27, 2024 10:53 PM (PDT) → July 28, 2024 12:11 PM (PDT)","July 28, 2024 12:11 PM (PDT)",husk (https://www.notion.so/2419ed6c1f7c8087b119c4f7d4b22f1d?pvs=21),husk,No,574 days ago,,vin (https://www.notion.so/2469ed6c1f7c80148ee2f1c9218317ec?pvs=21),,,,"13 hrs, 18 mins",7/6 '24 10:53 PM → 7/0'24 12:11 PM,
"@September 10, 2024 11:02 AM ",24.9,1 day,"September 10, 2024 11:02 AM → September 11, 2024 11:54 AM",No,,"September 10, 2024 11:02 AM (PDT) → September 11, 2024 11:54 AM (PDT)","September 11, 2024 11:54 AM (PDT)",husk (https://www.notion.so/2419ed6c1f7c8087b119c4f7d4b22f1d?pvs=21),husk,No,529 days ago,,lucifer (https://www.notion.so/2389ed6c1f7c80549ab2d651b1146c9d?pvs=21),,,,1 day,9/2 '24 11:02 AM → 9/3'24 11:54 AM,
"@September 12, 2024 7:15 PM ",39.8,1 day,"September 12, 2024 7:15 PM → September 14, 2024 11:03 AM",No,,"September 12, 2024 7:15 PM (PDT) → September 14, 2024 11:03 AM (PDT)","September 14, 2024 11:03 AM (PDT)",husk (https://www.notion.so/2419ed6c1f7c8087b119c4f7d4b22f1d?pvs=21),husk,No,526 days ago,,arthur (https://www.notion.so/23b9ed6c1f7c80b38a26f405b65bf9de?pvs=21),,,,"1 day, 15 hrs",9/4 '24 7:15 PM → 9/6'24 11:03 AM,
"@December 8, 2024 8:10 AM ",5.4,same-day,"December 8, 2024 8:10 AM → December 8, 2024 1:33 PM",No,,"December 8, 2024 8:10 AM (PST) → 1:33 PM","December 8, 2024 1:33 PM (PST)",jade/lillian (https://www.notion.so/2439ed6c1f7c80e8af00f24136a378bd?pvs=21),jade/lillian,No,441 days ago,,house (https://www.notion.so/2019ed6c1f7c80d18bb0c6a9d225e3c6?pvs=21),,,,"5 hrs, 23 mins",12/0 '24 8:10 AM → 1:33 PM,
"@July 12, 2024 12:50 PM ",2.2,same-day,"July 12, 2024 12:50 PM → July 12, 2024 3:00 PM",No,,"July 12, 2024 12:50 PM (PDT) → 3:00 PM","July 12, 2024 3:00 PM (PDT)",jade/lillian (https://www.notion.so/2439ed6c1f7c80e8af00f24136a378bd?pvs=21),jade/lillian,No,590 days ago,,bojack (https://www.notion.so/23b9ed6c1f7c808ba0ffc76ff74f356d?pvs=21),,,,"2 hrs, 10 mins",7/5 '24 12:50 PM → 3:00 PM,
"@July 2, 2024 2:26 PM ",1.1,same-day,"July 2, 2024 2:26 PM → July 2, 2024 3:29 PM",No,,"July 2, 2024 2:26 PM (PDT) → 3:29 PM","July 2, 2024 3:29 PM (PDT)",jade/lillian (https://www.notion.so/2439ed6c1f7c80e8af00f24136a378bd?pvs=21),jade/lillian,No,600 days ago,,blitz (https://www.notion.so/2029ed6c1f7c80fca94adab5945ece65?pvs=21),,,,"1 hr, 3 mins",7/2 '24 2:26 PM → 3:29 PM,
"@August 23, 2024 7:53 PM ",3.5,same-day,"August 23, 2024 7:53 PM → August 23, 2024 11:25 PM",No,,"August 23, 2024 7:53 PM (PDT) → 11:25 PM","August 23, 2024 11:25 PM (PDT)",L (https://www.notion.so/2449ed6c1f7c803796d9cc8a55b8ee2b?pvs=21),L,No,547 days ago,,lucifer (https://www.notion.so/2389ed6c1f7c80549ab2d651b1146c9d?pvs=21),,,,"3 hrs, 32 mins",8/5 '24 7:53 PM → 11:25 PM,
"@July 21, 2024 8:03 PM ",26,1 day,"July 21, 2024 8:03 PM → July 22, 2024 10:03 PM",No,,"July 21, 2024 8:03 PM (PDT) → July 22, 2024 10:03 PM (PDT)","July 22, 2024 10:03 PM (PDT)",L (https://www.notion.so/2449ed6c1f7c803796d9cc8a55b8ee2b?pvs=21),L,No,579 days ago,,lucifer (https://www.notion.so/2389ed6c1f7c80549ab2d651b1146c9d?pvs=21),,,,"1 day, 2 hrs",7/0 '24 8:03 PM → 7/1'24 10:03 PM,
"@June 7, 2024 9:15 PM ",1.7,same-day,"June 7, 2024 9:15 PM → June 7, 2024 10:54 PM",No,,"June 7, 2024 9:15 PM (PDT) → 10:54 PM","June 7, 2024 10:54 PM (PDT)","L (https://www.notion.so/2449ed6c1f7c803796d9cc8a55b8ee2b?pvs=21), rick (https://www.notion.so/2449ed6c1f7c800da22ce392e9f827ad?pvs=21)","L, rick",No,624 days ago,,Alastor (https://www.notion.so/23a9ed6c1f7c80a2bac9e6160ae37253?pvs=21),,,,"1 hr, 39 mins",6/5 '24 9:15 PM → 10:54 PM,
"@August 28, 2024 7:56 PM ",26.6,1 day,"August 28, 2024 7:56 PM → August 29, 2024 10:32 PM",No,,"August 28, 2024 7:56 PM (PDT) → August 29, 2024 10:32 PM (PDT)","August 29, 2024 10:32 PM (PDT)",saul (https://www.notion.so/2459ed6c1f7c8053be94dbfaff2de372?pvs=21),saul,No,541 days ago,,lucifer (https://www.notion.so/2389ed6c1f7c80549ab2d651b1146c9d?pvs=21),,,,"1 day, 2 hrs",8/3 '24 7:56 PM → 8/4'24 10:32 PM,
"@May 30, 2024 10:29 PM ",2.8,1 day,"May 30, 2024 10:29 PM → May 31, 2024 1:18 AM",No,,"May 30, 2024 10:29 PM (PDT) → May 31, 2024 1:18 AM (PDT)","May 31, 2024 1:18 AM (PDT)","stolas (https://www.notion.so/2459ed6c1f7c8019acf3c9dfb33c4c65?pvs=21), saul (https://www.notion.so/2459ed6c1f7c8053be94dbfaff2de372?pvs=21)","stolas, saul",No,632 days ago,,parker (https://www.notion.so/2449ed6c1f7c80f8b076d514060a3dd5?pvs=21),,,,"2 hrs, 49 mins",5/4 '24 10:29 PM → 5/5'24 1:18 AM,
"@July 30, 2024 3:55 PM ",10.5,1 day,"July 30, 2024 3:55 PM → July 31, 2024 2:22 AM",No,,"July 30, 2024 3:55 PM (PDT) → July 31, 2024 2:22 AM (PDT)","July 31, 2024 2:22 AM (PDT)",stolas (https://www.notion.so/2459ed6c1f7c8019acf3c9dfb33c4c65?pvs=21),stolas,No,571 days ago,,blitz (https://www.notion.so/2029ed6c1f7c80fca94adab5945ece65?pvs=21),,,,"10 hrs, 27 mins",7/2 '24 3:55 PM → 7/3'24 2:22 AM,
"@July 17, 2024 7:12 PM ",6.6,1 day,"July 17, 2024 7:12 PM → July 18, 2024 1:45 AM",No,,"July 17, 2024 7:12 PM (PDT) → July 18, 2024 1:45 AM (PDT)","July 18, 2024 1:45 AM (PDT)",stolas (https://www.notion.so/2459ed6c1f7c8019acf3c9dfb33c4c65?pvs=21),stolas,No,584 days ago,,lucifer (https://www.notion.so/2389ed6c1f7c80549ab2d651b1146c9d?pvs=21),,,,"6 hrs, 33 mins",7/3 '24 7:12 PM → 7/4'24 1:45 AM,
"@July 16, 2024 2:53 PM ",10.7,1 day,"July 16, 2024 2:53 PM → July 17, 2024 1:34 AM",No,,"July 16, 2024 2:53 PM (PDT) → July 17, 2024 1:34 AM (PDT)","July 17, 2024 1:34 AM (PDT)",stolas (https://www.notion.so/2459ed6c1f7c8019acf3c9dfb33c4c65?pvs=21),stolas,No,585 days ago,,arthur (https://www.notion.so/23b9ed6c1f7c80b38a26f405b65bf9de?pvs=21),,,,"10 hrs, 41 mins",7/2 '24 2:53 PM → 7/3'24 1:34 AM,
"@July 14, 2024 1:59 PM ",0.8,same-day,"July 14, 2024 1:59 PM → July 14, 2024 2:48 PM",No,,"July 14, 2024 1:59 PM (PDT) → 2:48 PM","July 14, 2024 2:48 PM (PDT)",stolas (https://www.notion.so/2459ed6c1f7c8019acf3c9dfb33c4c65?pvs=21),stolas,No,588 days ago,,lucifer (https://www.notion.so/2389ed6c1f7c80549ab2d651b1146c9d?pvs=21),,,,49 mins,7/0 '24 1:59 PM → 2:48 PM,
"@July 12, 2024 2:10 AM ",0.7,same-day,"July 12, 2024 2:10 PM → July 12, 2024 2:49 PM",No,,"July 12, 2024 2:10 PM (PDT) → 2:49 PM","July 12, 2024 2:49 PM (PDT)","blitz (https://www.notion.so/2029ed6c1f7c80fca94adab5945ece65?pvs=21), c (https://www.notion.so/23f9ed6c1f7c807eb9bef5f50e14a750?pvs=21), stolas (https://www.notion.so/2459ed6c1f7c8019acf3c9dfb33c4c65?pvs=21)","blitz, c, stolas",No,590 days ago,,jade/lillian (https://www.notion.so/2439ed6c1f7c80e8af00f24136a378bd?pvs=21),,,,39 mins,7/5 '24 2:10 PM → 2:49 PM,
"@June 26, 2024 10:58 PM ",19.7,1 day,"June 26, 2024 10:58 PM → June 27, 2024 6:38 PM",No,,"June 26, 2024 10:58 PM (PDT) → June 27, 2024 6:38 PM (PDT)","June 27, 2024 6:38 PM (PDT)",stolas (https://www.notion.so/2459ed6c1f7c8019acf3c9dfb33c4c65?pvs=21),stolas,No,604 days ago,,stolas (https://www.notion.so/2459ed6c1f7c8019acf3c9dfb33c4c65?pvs=21),,,,"19 hrs, 40 mins",6/3 '24 10:58 PM → 6/4'24 6:38 PM,
"@June 25, 2024 3:34 PM ",9.2,1 day,"June 25, 2024 3:34 PM → June 26, 2024 12:45 AM",No,,"June 25, 2024 3:34 PM (PDT) → June 26, 2024 12:45 AM (PDT)","June 26, 2024 12:45 AM (PDT)",stolas (https://www.notion.so/2459ed6c1f7c8019acf3c9dfb33c4c65?pvs=21),stolas,No,606 days ago,,blitz (https://www.notion.so/2029ed6c1f7c80fca94adab5945ece65?pvs=21),,,,"9 hrs, 11 mins",6/2 '24 3:34 PM → 6/3'24 12:45 AM,
"@June 25, 2024 2:55 PM ",32.1,1 day,"June 25, 2024 2:55 PM → June 26, 2024 10:58 PM",No,,"June 25, 2024 2:55 PM (PDT) → June 26, 2024 10:58 PM (PDT)","June 26, 2024 10:58 PM (PDT)",blitz (https://www.notion.so/2029ed6c1f7c80fca94adab5945ece65?pvs=21),blitz,No,605 days ago,,vox (https://www.notion.so/20f9ed6c1f7c80089f7ae036f5153789?pvs=21),,,,"1 day, 8 hrs",6/2 '24 2:55 PM → 6/3'24 10:58 PM,
"@June 4, 2024 10:42 AM ",0.4,same-day,"June 4, 2024 10:42 AM → June 4, 2024 11:07 AM",No,,"June 4, 2024 10:42 AM (PDT) → 11:07 AM","June 4, 2024 11:07 AM (PDT)",stolas (https://www.notion.so/2459ed6c1f7c8019acf3c9dfb33c4c65?pvs=21),stolas,No,628 days ago,,Alastor (https://www.notion.so/23a9ed6c1f7c80a2bac9e6160ae37253?pvs=21),,,,25 mins,6/2 '24 10:42 AM → 11:07 AM,
"@June 1, 2024 1:02 PM ",0.7,same-day,"June 1, 2024 1:02 PM → June 1, 2024 1:41 PM",No,,"June 1, 2024 1:02 PM (PDT) → 1:41 PM","June 1, 2024 1:41 PM (PDT)",stolas (https://www.notion.so/2459ed6c1f7c8019acf3c9dfb33c4c65?pvs=21),stolas,No,631 days ago,,aphrodesia (https://www.notion.so/23a9ed6c1f7c804fb0dfca89541a436e?pvs=21),,,,39 mins,6/6 '24 1:02 PM → 1:41 PM,
"@May 30, 2024 10:59 AM ",2.6,same-day,"May 30, 2024 10:59 AM → May 30, 2024 1:32 PM",No,,"May 30, 2024 10:59 AM (PDT) → 1:32 PM","May 30, 2024 1:32 PM (PDT)",stolas (https://www.notion.so/2459ed6c1f7c8019acf3c9dfb33c4c65?pvs=21),stolas,No,633 days ago,,S (https://www.notion.so/2029ed6c1f7c80e89403cc1b1d5306bc?pvs=21),,,,"2 hrs, 33 mins",5/4 '24 10:59 AM → 1:32 PM,
"@August 13, 2024 11:21 PM ",81.8,3 days,"August 13, 2024 11:21 PM → August 17, 2024 9:11 AM",No,,"August 13, 2024 11:21 PM (PDT) → August 17, 2024 9:11 AM (PDT)","August 17, 2024 9:11 AM (PDT)",vin (https://www.notion.so/2469ed6c1f7c80148ee2f1c9218317ec?pvs=21),vin,No,554 days ago,,vox (https://www.notion.so/20f9ed6c1f7c80089f7ae036f5153789?pvs=21),,,,"3 days, 9 hrs",8/2 '24 11:21 PM → 8/6'24 9:11 AM,
"@July 27, 2024 3:27 PM ",7.4,same-day,"July 27, 2024 3:27 PM → July 27, 2024 10:53 PM",No,,"July 27, 2024 3:27 PM (PDT) → 10:53 PM","July 27, 2024 10:53 PM (PDT)",vin (https://www.notion.so/2469ed6c1f7c80148ee2f1c9218317ec?pvs=21),vin,No,574 days ago,,vox (https://www.notion.so/20f9ed6c1f7c80089f7ae036f5153789?pvs=21),,,,"7 hrs, 26 mins",7/6 '24 3:27 PM → 10:53 PM,
"@June 20, 2024 3:13 PM ",21,1 day,"June 20, 2024 3:13 PM → June 21, 2024 12:15 PM",No,,"June 20, 2024 3:13 PM (PDT) → June 21, 2024 12:15 PM (PDT)","June 21, 2024 12:15 PM (PDT)",vin (https://www.notion.so/2469ed6c1f7c80148ee2f1c9218317ec?pvs=21),vin,No,611 days ago,,adam (https://www.notion.so/2389ed6c1f7c805c9257facac13c3739?pvs=21),,,,"21 hrs, 2 mins",6/4 '24 3:13 PM → 6/5'24 12:15 PM,
"@July 29, 2024 11:35 PM ",0.6,1 day,"July 29, 2024 11:35 PM → July 30, 2024 12:09 AM",No,"August 10, 2025 1:22 PM (PDT)","July 29, 2024 11:35 PM (PDT) → July 30, 2024 12:09 AM (PDT)","July 30, 2024 12:09 AM (PDT)",penelope (https://www.notion.so/24b9ed6c1f7c80739f49f4b4d692f64a?pvs=21),penelope,No,572 days ago,,bojack (https://www.notion.so/23b9ed6c1f7c808ba0ffc76ff74f356d?pvs=21),,,,34 mins,7/1 '24 11:35 PM → 7/2'24 12:09 AM,
